路線番号,便ID,バス停順序,バス停名,時,分,曜日区分,路線名
11,75,1,佐賀駅バスセンター,6,20,平日,佐賀大学・西与賀線
11,75,2,市役所前,6,23,平日,佐賀大学・西与賀線
11,75,3,佐賀大学前,6,40,平日,佐賀大学・西与賀線
11,75,4,佐賀大学,6,45,平日,佐賀大学・西与賀線
11,75,5,西与賀,6,50,平日,佐賀大学・西与賀線
11,76,1,佐賀駅バスセンター,6,50,平日,佐賀大学・西与賀線
11,76,2,市役所前,6,53,平日,佐賀大学・西与賀線
11,76,3,佐賀大学前,7,10,平日,佐賀大学・西与賀線
11,76,4,佐賀大学,7,15,平日,佐賀大学・西与賀線
11,76,5,西与賀,7,20,平日,佐賀大学・西与賀線
11,77,1,佐賀駅バスセンター,7,20,平日,佐賀大学・西与賀線
11,77,2,市役所前,7,23,平日,佐賀大学・西与賀線
11,77,3,佐賀大学前,7,40,平日,佐賀大学・西与賀線
11,77,4,佐賀大学,7,45,平日,佐賀大学・西与賀線
11,77,5,西与賀,7,50,平日,佐賀大学・西与賀線
11,78,1,佐賀駅バスセンター,7,50,平日,佐賀大学・西与賀線
11,78,2,市役所前,7,53,平日,佐賀大学・西与賀線
11,78,3,佐賀大学前,8,10,平日,佐賀大学・西与賀線
11,78,4,佐賀大学,8,15,平日,佐賀大学・西与賀線
11,78,5,西与賀,8,20,平日,佐賀大学・西与賀線
11,79,1,佐賀駅バスセンター,8,20,平日,佐賀大学・西与賀線
11,79,2,市役所前,8,23,平日,佐賀大学・西与賀線
11,79,3,佐賀大学前,8,40,平日,佐賀大学・西与賀線
11,79,4,佐賀大学,8,45,平日,佐賀大学・西与賀線
11,79,5,西与賀,8,50,平日,佐賀大学・西与賀線
11,80,1,佐賀駅バスセンター,8,50,平日,佐賀大学・西与賀線
11,80,2,市役所前,8,53,平日,佐賀大学・西与賀線
11,80,3,佐賀大学前,9,10,平日,佐賀大学・西与賀線
11,80,4,佐賀大学,9,15,平日,佐賀大学・西与賀線
11,80,5,西与賀,9,20,平日,佐賀大学・西与賀線
11,81,1,佐賀駅バスセンター,9,20,平日,佐賀大学・西与賀線
11,81,2,市役所前,9,23,平日,佐賀大学・西与賀線
11,81,3,佐賀大学前,9,40,平日,佐賀大学・西与賀線
11,81,4,佐賀大学,9,45,平日,佐賀大学・西与賀線
11,81,5,西与賀,9,50,平日,佐賀大学・西与賀線
11,82,1,佐賀駅バスセンター,9,50,平日,佐賀大学・西与賀線
11,82,2,市役所前,9,53,平日,佐賀大学・西与賀線
11,82,3,佐賀大学前,10,10,平日,佐賀大学・西与賀線
11,82,4,佐賀大学,10,15,平日,佐賀大学・西与賀線
11,82,5,西与賀,10,20,平日,佐賀大学・西与賀線
11,83,1,佐賀駅バスセンター,10,20,平日,佐賀大学・西与賀線
11,83,2,市役所前,10,23,平日,佐賀大学・西与賀線
11,83,3,佐賀大学前,10,40,平日,佐賀大学・西与賀線
11,83,4,佐賀大学,10,45,平日,佐賀大学・西与賀線
11,83,5,西与賀,10,50,平日,佐賀大学・西与賀線
11,84,1,佐賀駅バスセンター,10,50,平日,佐賀大学・西与賀線
11,84,2,市役所前,10,53,平日,佐賀大学・西与賀線
11,84,3,佐賀大学前,11,10,平日,佐賀大学・西与賀線
11,84,4,佐賀大学,11,15,平日,佐賀大学・西与賀線
11,84,5,西与賀,11,20,平日,佐賀大学・西与賀線
11,85,1,佐賀駅バスセンター,11,20,平日,佐賀大学・西与賀線
11,85,2,市役所前,11,23,平日,佐賀大学・西与賀線
11,85,3,佐賀大学前,11,40,平日,佐賀大学・西与賀線
11,85,4,佐賀大学,11,45,平日,佐賀大学・西与賀線
11,85,5,西与賀,11,50,平日,佐賀大学・西与賀線
11,86,1,佐賀駅バスセンター,11,50,平日,佐賀大学・西与賀線
11,86,2,市役所前,11,53,平日,佐賀大学・西与賀線
11,86,3,佐賀大学前,12,10,平日,佐賀大学・西与賀線
11,86,4,佐賀大学,12,15,平日,佐賀大学・西与賀線
11,86,5,西与賀,12,20,平日,佐賀大学・西与賀線
11,87,1,佐賀駅バスセンター,12,20,平日,佐賀大学・西与賀線
11,87,2,市役所前,12,23,平日,佐賀大学・西与賀線
11,87,3,佐賀大学前,12,40,平日,佐賀大学・西与賀線
11,87,4,佐賀大学,12,45,平日,佐賀大学・西与賀線
11,87,5,西与賀,12,50,平日,佐賀大学・西与賀線
11,88,1,佐賀駅バスセンター,12,50,平日,佐賀大学・西与賀線
11,88,2,市役所前,12,53,平日,佐賀大学・西与賀線
11,88,3,佐賀大学前,13,10,平日,佐賀大学・西与賀線
11,88,4,佐賀大学,13,15,平日,佐賀大学・西与賀線
11,88,5,西与賀,13,20,平日,佐賀大学・西与賀線
11,89,1,佐賀駅バスセンター,13,20,平日,佐賀大学・西与賀線
11,89,2,市役所前,13,23,平日,佐賀大学・西与賀線
11,89,3,佐賀大学前,13,40,平日,佐賀大学・西与賀線
11,89,4,佐賀大学,13,45,平日,佐賀大学・西与賀線
11,89,5,西与賀,13,50,平日,佐賀大学・西与賀線
11,90,1,佐賀駅バスセンター,13,50,平日,佐賀大学・西与賀線
11,90,2,市役所前,13,53,平日,佐賀大学・西与賀線
11,90,3,佐賀大学前,14,10,平日,佐賀大学・西与賀線
11,90,4,佐賀大学,14,15,平日,佐賀大学・西与賀線
11,90,5,西与賀,14,20,平日,佐賀大学・西与賀線
11,91,1,佐賀駅バスセンター,14,20,平日,佐賀大学・西与賀線
11,91,2,市役所前,14,23,平日,佐賀大学・西与賀線
11,91,3,佐賀大学前,14,40,平日,佐賀大学・西与賀線
11,91,4,佐賀大学,14,45,平日,佐賀大学・西与賀線
11,91,5,西与賀,14,50,平日,佐賀大学・西与賀線
11,92,1,佐賀駅バスセンター,14,50,平日,佐賀大学・西与賀線
11,92,2,市役所前,14,53,平日,佐賀大学・西与賀線
11,92,3,佐賀大学前,15,10,平日,佐賀大学・西与賀線
11,92,4,佐賀大学,15,15,平日,佐賀大学・西与賀線
11,92,5,西与賀,15,20,平日,佐賀大学・西与賀線
11,93,1,佐賀駅バスセンター,15,20,平日,佐賀大学・西与賀線
11,93,2,市役所前,15,23,平日,佐賀大学・西与賀線
11,93,3,佐賀大学前,15,40,平日,佐賀大学・西与賀線
11,93,4,佐賀大学,15,45,平日,佐賀大学・西与賀線
11,93,5,西与賀,15,50,平日,佐賀大学・西与賀線
11,94,1,佐賀駅バスセンター,15,50,平日,佐賀大学・西与賀線
11,94,2,市役所前,15,53,平日,佐賀大学・西与賀線
11,94,3,佐賀大学前,16,10,平日,佐賀大学・西与賀線
11,94,4,佐賀大学,16,15,平日,佐賀大学・西与賀線
11,94,5,西与賀,16,20,平日,佐賀大学・西与賀線
11,95,1,佐賀駅バスセンター,16,20,平日,佐賀大学・西与賀線
11,95,2,市役所前,16,23,平日,佐賀大学・西与賀線
11,95,3,佐賀大学前,16,40,平日,佐賀大学・西与賀線
11,95,4,佐賀大学,16,45,平日,佐賀大学・西与賀線
11,95,5,西与賀,16,50,平日,佐賀大学・西与賀線
11,96,1,佐賀駅バスセンター,16,50,平日,佐賀大学・西与賀線
11,96,2,市役所前,16,53,平日,佐賀大学・西与賀線
11,96,3,佐賀大学前,17,10,平日,佐賀大学・西与賀線
11,96,4,佐賀大学,17,15,平日,佐賀大学・西与賀線
11,96,5,西与賀,17,20,平日,佐賀大学・西与賀線
11,97,1,佐賀駅バスセンター,17,20,平日,佐賀大学・西与賀線
11,97,2,市役所前,17,23,平日,佐賀大学・西与賀線
11,97,3,佐賀大学前,17,40,平日,佐賀大学・西与賀線
11,97,4,佐賀大学,17,45,平日,佐賀大学・西与賀線
11,97,5,西与賀,17,50,平日,佐賀大学・西与賀線
11,98,1,佐賀駅バスセンター,17,50,平日,佐賀大学・西与賀線
11,98,2,市役所前,17,53,平日,佐賀大学・西与賀線
11,98,3,佐賀大学前,18,10,平日,佐賀大学・西与賀線
11,98,4,佐賀大学,18,15,平日,佐賀大学・西与賀線
11,98,5,西与賀,18,20,平日,佐賀大学・西与賀線
11,99,1,佐賀駅バスセンター,18,20,平日,佐賀大学・西与賀線
11,99,2,市役所前,18,23,平日,佐賀大学・西与賀線
11,99,3,佐賀大学前,18,40,平日,佐賀大学・西与賀線
11,99,4,佐賀大学,18,45,平日,佐賀大学・西与賀線
11,99,5,西与賀,18,50,平日,佐賀大学・西与賀線
11,100,1,佐賀駅バスセンター,18,50,平日,佐賀大学・西与賀線
11,100,2,市役所前,18,53,平日,佐賀大学・西与賀線
11,100,3,佐賀大学前,19,10,平日,佐賀大学・西与賀線
11,100,4,佐賀大学,19,15,平日,佐賀大学・西与賀線
11,100,5,西与賀,19,20,平日,佐賀大学・西与賀線
11,101,1,佐賀駅バスセンター,19,20,平日,佐賀大学・西与賀線
11,101,2,市役所前,19,23,平日,佐賀大学・西与賀線
11,101,3,佐賀大学前,19,40,平日,佐賀大学・西与賀線
11,101,4,佐賀大学,19,45,平日,佐賀大学・西与賀線
11,101,5,西与賀,19,50,平日,佐賀大学・西与賀線
11,102,1,佐賀駅バスセンター,19,50,平日,佐賀大学・西与賀線
11,102,2,市役所前,19,53,平日,佐賀大学・西与賀線
11,102,3,佐賀大学前,20,10,平日,佐賀大学・西与賀線
11,102,4,佐賀大学,20,15,平日,佐賀大学・西与賀線
11,102,5,西与賀,20,20,平日,佐賀大学・西与賀線
11,103,1,佐賀駅バスセンター,20,20,平日,佐賀大学・西与賀線
11,103,2,市役所前,20,23,平日,佐賀大学・西与賀線
11,103,3,佐賀大学前,20,40,平日,佐賀大学・西与賀線
11,103,4,佐賀大学,20,45,平日,佐賀大学・西与賀線
11,103,5,西与賀,20,50,平日,佐賀大学・西与賀線
11,104,1,佐賀駅バスセンター,20,50,平日,佐賀大学・西与賀線
11,104,2,市役所前,20,53,平日,佐賀大学・西与賀線
11,104,3,佐賀大学前,21,10,平日,佐賀大学・西与賀線
11,104,4,佐賀大学,21,15,平日,佐賀大学・西与賀線
11,104,5,西与賀,21,20,平日,佐賀大学・西与賀線
18,105,1,佐賀駅バスセンター,6,35,平日,徳万・久保田線
18,105,2,徳万,6,55,平日,徳万・久保田線
18,105,3,久保田,7,5,平日,徳万・久保田線
18,106,1,佐賀駅バスセンター,7,35,平日,徳万・久保田線
18,106,2,徳万,7,55,平日,徳万・久保田線
18,106,3,久保田,8,5,平日,徳万・久保田線
18,107,1,佐賀駅バスセンター,8,35,平日,徳万・久保田線
18,107,2,徳万,8,55,平日,徳万・久保田線
18,107,3,久保田,9,5,平日,徳万・久保田線
18,108,1,佐賀駅バスセンター,9,35,平日,徳万・久保田線
18,108,2,徳万,9,55,平日,徳万・久保田線
18,108,3,久保田,10,5,平日,徳万・久保田線
18,109,1,佐賀駅バスセンター,10,35,平日,徳万・久保田線
18,109,2,徳万,10,55,平日,徳万・久保田線
18,109,3,久保田,11,5,平日,徳万・久保田線
18,110,1,佐賀駅バスセンター,11,35,平日,徳万・久保田線
18,110,2,徳万,11,55,平日,徳万・久保田線
18,110,3,久保田,12,5,平日,徳万・久保田線
18,111,1,佐賀駅バスセンター,12,35,平日,徳万・久保田線
18,111,2,徳万,12,55,平日,徳万・久保田線
18,111,3,久保田,13,5,平日,徳万・久保田線
18,112,1,佐賀駅バスセンター,13,35,平日,徳万・久保田線
18,112,2,徳万,13,55,平日,徳万・久保田線
18,112,3,久保田,14,5,平日,徳万・久保田線
18,113,1,佐賀駅バスセンター,14,35,平日,徳万・久保田線
18,113,2,徳万,14,55,平日,徳万・久保田線
18,113,3,久保田,15,5,平日,徳万・久保田線
18,114,1,佐賀駅バスセンター,15,35,平日,徳万・久保田線
18,114,2,徳万,15,55,平日,徳万・久保田線
18,114,3,久保田,16,5,平日,徳万・久保田線
18,115,1,佐賀駅バスセンター,16,35,平日,徳万・久保田線
18,115,2,徳万,16,55,平日,徳万・久保田線
18,115,3,久保田,17,5,平日,徳万・久保田線
18,116,1,佐賀駅バスセンター,17,35,平日,徳万・久保田線
18,116,2,徳万,17,55,平日,徳万・久保田線
18,116,3,久保田,18,5,平日,徳万・久保田線
18,117,1,佐賀駅バスセンター,18,35,平日,徳万・久保田線
18,117,2,徳万,18,55,平日,徳万・久保田線
18,117,3,久保田,19,5,平日,徳万・久保田線
18,118,1,佐賀駅バスセンター,19,35,平日,徳万・久保田線
18,118,2,徳万,19,55,平日,徳万・久保田線
18,118,3,久保田,20,5,平日,徳万・久保田線
2,1,1,佐賀駅バスセンター,6,0,平日,県庁前・佐嘉神社線
2,1,2,市役所前,6,3,平日,県庁前・佐嘉神社線
2,1,3,県庁前,6,5,平日,県庁前・佐嘉神社線
2,1,4,佐嘉神社,6,10,平日,県庁前・佐嘉神社線
2,2,1,佐賀駅バスセンター,6,30,平日,県庁前・佐嘉神社線
2,2,2,市役所前,6,33,平日,県庁前・佐嘉神社線
2,2,3,県庁前,6,35,平日,県庁前・佐嘉神社線
2,2,4,佐嘉神社,6,40,平日,県庁前・佐嘉神社線
2,3,1,佐賀駅バスセンター,7,0,平日,県庁前・佐嘉神社線
2,3,2,市役所前,7,3,平日,県庁前・佐嘉神社線
2,3,3,県庁前,7,5,平日,県庁前・佐嘉神社線
2,3,4,佐嘉神社,7,10,平日,県庁前・佐嘉神社線
2,4,1,佐賀駅バスセンター,7,30,平日,県庁前・佐嘉神社線
2,4,2,市役所前,7,33,平日,県庁前・佐嘉神社線
2,4,3,県庁前,7,35,平日,県庁前・佐嘉神社線
2,4,4,佐嘉神社,7,40,平日,県庁前・佐嘉神社線
2,5,1,佐賀駅バスセンター,8,0,平日,県庁前・佐嘉神社線
2,5,2,市役所前,8,3,平日,県庁前・佐嘉神社線
2,5,3,県庁前,8,5,平日,県庁前・佐嘉神社線
2,5,4,佐嘉神社,8,10,平日,県庁前・佐嘉神社線
2,6,1,佐賀駅バスセンター,8,30,平日,県庁前・佐嘉神社線
2,6,2,市役所前,8,33,平日,県庁前・佐嘉神社線
2,6,3,県庁前,8,35,平日,県庁前・佐嘉神社線
2,6,4,佐嘉神社,8,40,平日,県庁前・佐嘉神社線
2,7,1,佐賀駅バスセンター,9,0,平日,県庁前・佐嘉神社線
2,7,2,市役所前,9,3,平日,県庁前・佐嘉神社線
2,7,3,県庁前,9,5,平日,県庁前・佐嘉神社線
2,7,4,佐嘉神社,9,10,平日,県庁前・佐嘉神社線
2,8,1,佐賀駅バスセンター,9,30,平日,県庁前・佐嘉神社線
2,8,2,市役所前,9,33,平日,県庁前・佐嘉神社線
2,8,3,県庁前,9,35,平日,県庁前・佐嘉神社線
2,8,4,佐嘉神社,9,40,平日,県庁前・佐嘉神社線
2,9,1,佐賀駅バスセンター,10,0,平日,県庁前・佐嘉神社線
2,9,2,市役所前,10,3,平日,県庁前・佐嘉神社線
2,9,3,県庁前,10,5,平日,県庁前・佐嘉神社線
2,9,4,佐嘉神社,10,10,平日,県庁前・佐嘉神社線
2,10,1,佐賀駅バスセンター,10,30,平日,県庁前・佐嘉神社線
2,10,2,市役所前,10,33,平日,県庁前・佐嘉神社線
2,10,3,県庁前,10,35,平日,県庁前・佐嘉神社線
2,10,4,佐嘉神社,10,40,平日,県庁前・佐嘉神社線
2,11,1,佐賀駅バスセンター,11,0,平日,県庁前・佐嘉神社線
2,11,2,市役所前,11,3,平日,県庁前・佐嘉神社線
2,11,3,県庁前,11,5,平日,県庁前・佐嘉神社線
2,11,4,佐嘉神社,11,10,平日,県庁前・佐嘉神社線
2,12,1,佐賀駅バスセンター,11,30,平日,県庁前・佐嘉神社線
2,12,2,市役所前,11,33,平日,県庁前・佐嘉神社線
2,12,3,県庁前,11,35,平日,県庁前・佐嘉神社線
2,12,4,佐嘉神社,11,40,平日,県庁前・佐嘉神社線
2,13,1,佐賀駅バスセンター,12,0,平日,県庁前・佐嘉神社線
2,13,2,市役所前,12,3,平日,県庁前・佐嘉神社線
2,13,3,県庁前,12,5,平日,県庁前・佐嘉神社線
2,13,4,佐嘉神社,12,10,平日,県庁前・佐嘉神社線
2,14,1,佐賀駅バスセンター,12,30,平日,県庁前・佐嘉神社線
2,14,2,市役所前,12,33,平日,県庁前・佐嘉神社線
2,14,3,県庁前,12,35,平日,県庁前・佐嘉神社線
2,14,4,佐嘉神社,12,40,平日,県庁前・佐嘉神社線
2,15,1,佐賀駅バスセンター,13,0,平日,県庁前・佐嘉神社線
2,15,2,市役所前,13,3,平日,県庁前・佐嘉神社線
2,15,3,県庁前,13,5,平日,県庁前・佐嘉神社線
2,15,4,佐嘉神社,13,10,平日,県庁前・佐嘉神社線
2,16,1,佐賀駅バスセンター,13,30,平日,県庁前・佐嘉神社線
2,16,2,市役所前,13,33,平日,県庁前・佐嘉神社線
2,16,3,県庁前,13,35,平日,県庁前・佐嘉神社線
2,16,4,佐嘉神社,13,40,平日,県庁前・佐嘉神社線
2,17,1,佐賀駅バスセンター,14,0,平日,県庁前・佐嘉神社線
2,17,2,市役所前,14,3,平日,県庁前・佐嘉神社線
2,17,3,県庁前,14,5,平日,県庁前・佐嘉神社線
2,17,4,佐嘉神社,14,10,平日,県庁前・佐嘉神社線
2,18,1,佐賀駅バスセンター,14,30,平日,県庁前・佐嘉神社線
2,18,2,市役所前,14,33,平日,県庁前・佐嘉神社線
2,18,3,県庁前,14,35,平日,県庁前・佐嘉神社線
2,18,4,佐嘉神社,14,40,平日,県庁前・佐嘉神社線
2,19,1,佐賀駅バスセンター,15,0,平日,県庁前・佐嘉神社線
2,19,2,市役所前,15,3,平日,県庁前・佐嘉神社線
2,19,3,県庁前,15,5,平日,県庁前・佐嘉神社線
2,19,4,佐嘉神社,15,10,平日,県庁前・佐嘉神社線
2,20,1,佐賀駅バスセンター,15,30,平日,県庁前・佐嘉神社線
2,20,2,市役所前,15,33,平日,県庁前・佐嘉神社線
2,20,3,県庁前,15,35,平日,県庁前・佐嘉神社線
2,20,4,佐嘉神社,15,40,平日,県庁前・佐嘉神社線
2,21,1,佐賀駅バスセンター,16,0,平日,県庁前・佐嘉神社線
2,21,2,市役所前,16,3,平日,県庁前・佐嘉神社線
2,21,3,県庁前,16,5,平日,県庁前・佐嘉神社線
2,21,4,佐嘉神社,16,10,平日,県庁前・佐嘉神社線
2,22,1,佐賀駅バスセンター,16,30,平日,県庁前・佐嘉神社線
2,22,2,市役所前,16,33,平日,県庁前・佐嘉神社線
2,22,3,県庁前,16,35,平日,県庁前・佐嘉神社線
2,22,4,佐嘉神社,16,40,平日,県庁前・佐嘉神社線
2,23,1,佐賀駅バスセンター,17,0,平日,県庁前・佐嘉神社線
2,23,2,市役所前,17,3,平日,県庁前・佐嘉神社線
2,23,3,県庁前,17,5,平日,県庁前・佐嘉神社線
2,23,4,佐嘉神社,17,10,平日,県庁前・佐嘉神社線
2,24,1,佐賀駅バスセンター,17,30,平日,県庁前・佐嘉神社線
2,24,2,市役所前,17,33,平日,県庁前・佐嘉神社線
2,24,3,県庁前,17,35,平日,県庁前・佐嘉神社線
2,24,4,佐嘉神社,17,40,平日,県庁前・佐嘉神社線
2,25,1,佐賀駅バスセンター,18,0,平日,県庁前・佐嘉神社線
2,25,2,市役所前,18,3,平日,県庁前・佐嘉神社線
2,25,3,県庁前,18,5,平日,県庁前・佐嘉神社線
2,25,4,佐嘉神社,18,10,平日,県庁前・佐嘉神社線
2,26,1,佐賀駅バスセンター,18,30,平日,県庁前・佐嘉神社線
2,26,2,市役所前,18,33,平日,県庁前・佐嘉神社線
2,26,3,県庁前,18,35,平日,県庁前・佐嘉神社線
2,26,4,佐嘉神社,18,40,平日,県庁前・佐嘉神社線
2,27,1,佐賀駅バスセンター,19,0,平日,県庁前・佐嘉神社線
2,27,2,市役所前,19,3,平日,県庁前・佐嘉神社線
2,27,3,県庁前,19,5,平日,県庁前・佐嘉神社線
2,27,4,佐嘉神社,19,10,平日,県庁前・佐嘉神社線
2,28,1,佐賀駅バスセンター,19,30,平日,県庁前・佐嘉神社線
2,28,2,市役所前,19,33,平日,県庁前・佐嘉神社線
2,28,3,県庁前,19,35,平日,県庁前・佐嘉神社線
2,28,4,佐嘉神社,19,40,平日,県庁前・佐嘉神社線
2,29,1,佐賀駅バスセンター,20,0,平日,県庁前・佐嘉神社線
2,29,2,市役所前,20,3,平日,県庁前・佐嘉神社線
2,29,3,県庁前,20,5,平日,県庁前・佐嘉神社線
2,29,4,佐嘉神社,20,10,平日,県庁前・佐嘉神社線
2,30,1,佐賀駅バスセンター,20,30,平日,県庁前・佐嘉神社線
2,30,2,市役所前,20,33,平日,県庁前・佐嘉神社線
2,30,3,県庁前,20,35,平日,県庁前・佐嘉神社線
2,30,4,佐嘉神社,20,40,平日,県庁前・佐嘉神社線
2,31,1,佐賀駅バスセンター,21,0,平日,県庁前・佐嘉神社線
2,31,2,市役所前,21,3,平日,県庁前・佐嘉神社線
2,31,3,県庁前,21,5,平日,県庁前・佐嘉神社線
2,31,4,佐嘉神社,21,10,平日,県庁前・佐嘉神社線
2,32,1,佐賀駅バスセンター,21,30,平日,県庁前・佐嘉神社線
2,32,2,市役所前,21,33,平日,県庁前・佐嘉神社線
2,32,3,県庁前,21,35,平日,県庁前・佐嘉神社線
2,32,4,佐嘉神社,21,40,平日,県庁前・佐嘉神社線
20,119,1,佐賀駅バスセンター,6,25,平日,諸富・早津江線
20,119,2,諸富,6,50,平日,諸富・早津江線
20,119,3,早津江,7,0,平日,諸富・早津江線
20,120,1,佐賀駅バスセンター,7,25,平日,諸富・早津江線
20,120,2,諸富,7,50,平日,諸富・早津江線
20,120,3,早津江,8,0,平日,諸富・早津江線
20,121,1,佐賀駅バスセンター,8,25,平日,諸富・早津江線
20,121,2,諸富,8,50,平日,諸富・早津江線
20,121,3,早津江,9,0,平日,諸富・早津江線
20,122,1,佐賀駅バスセンター,9,25,平日,諸富・早津江線
20,122,2,諸富,9,50,平日,諸富・早津江線
20,122,3,早津江,10,0,平日,諸富・早津江線
20,123,1,佐賀駅バスセンター,10,25,平日,諸富・早津江線
20,123,2,諸富,10,50,平日,諸富・早津江線
20,123,3,早津江,11,0,平日,諸富・早津江線
20,124,1,佐賀駅バスセンター,11,25,平日,諸富・早津江線
20,124,2,諸富,11,50,平日,諸富・早津江線
20,124,3,早津江,12,0,平日,諸富・早津江線
20,125,1,佐賀駅バスセンター,12,25,平日,諸富・早津江線
20,125,2,諸富,12,50,平日,諸富・早津江線
20,125,3,早津江,13,0,平日,諸富・早津江線
20,126,1,佐賀駅バスセンター,13,25,平日,諸富・早津江線
20,126,2,諸富,13,50,平日,諸富・早津江線
20,126,3,早津江,14,0,平日,諸富・早津江線
20,127,1,佐賀駅バスセンター,14,25,平日,諸富・早津江線
20,127,2,諸富,14,50,平日,諸富・早津江線
20,127,3,早津江,15,0,平日,諸富・早津江線
20,128,1,佐賀駅バスセンター,15,25,平日,諸富・早津江線
20,128,2,諸富,15,50,平日,諸富・早津江線
20,128,3,早津江,16,0,平日,諸富・早津江線
20,129,1,佐賀駅バスセンター,16,25,平日,諸富・早津江線
20,129,2,諸富,16,50,平日,諸富・早津江線
20,129,3,早津江,17,0,平日,諸富・早津江線
20,130,1,佐賀駅バスセンター,17,25,平日,諸富・早津江線
20,130,2,諸富,17,50,平日,諸富・早津江線
20,130,3,早津江,18,0,平日,諸富・早津江線
20,131,1,佐賀駅バスセンター,18,25,平日,諸富・早津江線
20,131,2,諸富,18,50,平日,諸富・早津江線
20,131,3,早津江,19,0,平日,諸富・早津江線
20,132,1,佐賀駅バスセンター,19,25,平日,諸富・早津江線
20,132,2,諸富,19,50,平日,諸富・早津江線
20,132,3,早津江,20,0,平日,諸富・早津江線
30,133,1,佐賀駅バスセンター,6,10,平日,尼寺・金立線
30,133,2,尼寺,6,25,平日,尼寺・金立線
30,133,3,金立,6,40,平日,尼寺・金立線
30,133,4,自動車試験場,6,50,平日,尼寺・金立線
30,134,1,佐賀駅バスセンター,6,40,平日,尼寺・金立線
30,134,2,尼寺,6,55,平日,尼寺・金立線
30,134,3,金立,7,10,平日,尼寺・金立線
30,134,4,自動車試験場,7,20,平日,尼寺・金立線
30,135,1,佐賀駅バスセンター,7,10,平日,尼寺・金立線
30,135,2,尼寺,7,25,平日,尼寺・金立線
30,135,3,金立,7,40,平日,尼寺・金立線
30,135,4,自動車試験場,7,50,平日,尼寺・金立線
30,136,1,佐賀駅バスセンター,7,40,平日,尼寺・金立線
30,136,2,尼寺,7,55,平日,尼寺・金立線
30,136,3,金立,8,10,平日,尼寺・金立線
30,136,4,自動車試験場,8,20,平日,尼寺・金立線
30,137,1,佐賀駅バスセンター,8,10,平日,尼寺・金立線
30,137,2,尼寺,8,25,平日,尼寺・金立線
30,137,3,金立,8,40,平日,尼寺・金立線
30,137,4,自動車試験場,8,50,平日,尼寺・金立線
30,138,1,佐賀駅バスセンター,8,40,平日,尼寺・金立線
30,138,2,尼寺,8,55,平日,尼寺・金立線
30,138,3,金立,9,10,平日,尼寺・金立線
30,138,4,自動車試験場,9,20,平日,尼寺・金立線
30,139,1,佐賀駅バスセンター,9,10,平日,尼寺・金立線
30,139,2,尼寺,9,25,平日,尼寺・金立線
30,139,3,金立,9,40,平日,尼寺・金立線
30,139,4,自動車試験場,9,50,平日,尼寺・金立線
30,140,1,佐賀駅バスセンター,9,40,平日,尼寺・金立線
30,140,2,尼寺,9,55,平日,尼寺・金立線
30,140,3,金立,10,10,平日,尼寺・金立線
30,140,4,自動車試験場,10,20,平日,尼寺・金立線
30,141,1,佐賀駅バスセンター,10,10,平日,尼寺・金立線
30,141,2,尼寺,10,25,平日,尼寺・金立線
30,141,3,金立,10,40,平日,尼寺・金立線
30,141,4,自動車試験場,10,50,平日,尼寺・金立線
30,142,1,佐賀駅バスセンター,10,40,平日,尼寺・金立線
30,142,2,尼寺,10,55,平日,尼寺・金立線
30,142,3,金立,11,10,平日,尼寺・金立線
30,142,4,自動車試験場,11,20,平日,尼寺・金立線
30,143,1,佐賀駅バスセンター,11,10,平日,尼寺・金立線
30,143,2,尼寺,11,25,平日,尼寺・金立線
30,143,3,金立,11,40,平日,尼寺・金立線
30,143,4,自動車試験場,11,50,平日,尼寺・金立線
30,144,1,佐賀駅バスセンター,11,40,平日,尼寺・金立線
30,144,2,尼寺,11,55,平日,尼寺・金立線
30,144,3,金立,12,10,平日,尼寺・金立線
30,144,4,自動車試験場,12,20,平日,尼寺・金立線
30,145,1,佐賀駅バスセンター,12,10,平日,尼寺・金立線
30,145,2,尼寺,12,25,平日,尼寺・金立線
30,145,3,金立,12,40,平日,尼寺・金立線
30,145,4,自動車試験場,12,50,平日,尼寺・金立線
30,146,1,佐賀駅バスセンター,12,40,平日,尼寺・金立線
30,146,2,尼寺,12,55,平日,尼寺・金立線
30,146,3,金立,13,10,平日,尼寺・金立線
30,146,4,自動車試験場,13,20,平日,尼寺・金立線
30,147,1,佐賀駅バスセンター,13,10,平日,尼寺・金立線
30,147,2,尼寺,13,25,平日,尼寺・金立線
30,147,3,金立,13,40,平日,尼寺・金立線
30,147,4,自動車試験場,13,50,平日,尼寺・金立線
30,148,1,佐賀駅バスセンター,13,40,平日,尼寺・金立線
30,148,2,尼寺,13,55,平日,尼寺・金立線
30,148,3,金立,14,10,平日,尼寺・金立線
30,148,4,自動車試験場,14,20,平日,尼寺・金立線
30,149,1,佐賀駅バスセンター,14,10,平日,尼寺・金立線
30,149,2,尼寺,14,25,平日,尼寺・金立線
30,149,3,金立,14,40,平日,尼寺・金立線
30,149,4,自動車試験場,14,50,平日,尼寺・金立線
30,150,1,佐賀駅バスセンター,14,40,平日,尼寺・金立線
30,150,2,尼寺,14,55,平日,尼寺・金立線
30,150,3,金立,15,10,平日,尼寺・金立線
30,150,4,自動車試験場,15,20,平日,尼寺・金立線
30,151,1,佐賀駅バスセンター,15,10,平日,尼寺・金立線
30,151,2,尼寺,15,25,平日,尼寺・金立線
30,151,3,金立,15,40,平日,尼寺・金立線
30,151,4,自動車試験場,15,50,平日,尼寺・金立線
30,152,1,佐賀駅バスセンター,15,40,平日,尼寺・金立線
30,152,2,尼寺,15,55,平日,尼寺・金立線
30,152,3,金立,16,10,平日,尼寺・金立線
30,152,4,自動車試験場,16,20,平日,尼寺・金立線
30,153,1,佐賀駅バスセンター,16,10,平日,尼寺・金立線
30,153,2,尼寺,16,25,平日,尼寺・金立線
30,153,3,金立,16,40,平日,尼寺・金立線
30,153,4,自動車試験場,16,50,平日,尼寺・金立線
30,154,1,佐賀駅バスセンター,16,40,平日,尼寺・金立線
30,154,2,尼寺,16,55,平日,尼寺・金立線
30,154,3,金立,17,10,平日,尼寺・金立線
30,154,4,自動車試験場,17,20,平日,尼寺・金立線
30,155,1,佐賀駅バスセンター,17,10,平日,尼寺・金立線
30,155,2,尼寺,17,25,平日,尼寺・金立線
30,155,3,金立,17,40,平日,尼寺・金立線
30,155,4,自動車試験場,17,50,平日,尼寺・金立線
30,156,1,佐賀駅バスセンター,17,40,平日,尼寺・金立線
30,156,2,尼寺,17,55,平日,尼寺・金立線
30,156,3,金立,18,10,平日,尼寺・金立線
30,156,4,自動車試験場,18,20,平日,尼寺・金立線
30,157,1,佐賀駅バスセンター,18,10,平日,尼寺・金立線
30,157,2,尼寺,18,25,平日,尼寺・金立線
30,157,3,金立,18,40,平日,尼寺・金立線
30,157,4,自動車試験場,18,50,平日,尼寺・金立線
30,158,1,佐賀駅バスセンター,18,40,平日,尼寺・金立線
30,158,2,尼寺,18,55,平日,尼寺・金立線
30,158,3,金立,19,10,平日,尼寺・金立線
30,158,4,自動車試験場,19,20,平日,尼寺・金立線
30,159,1,佐賀駅バスセンター,19,10,平日,尼寺・金立線
30,159,2,尼寺,19,25,平日,尼寺・金立線
30,159,3,金立,19,40,平日,尼寺・金立線
30,159,4,自動車試験場,19,50,平日,尼寺・金立線
30,160,1,佐賀駅バスセンター,19,40,平日,尼寺・金立線
30,160,2,尼寺,19,55,平日,尼寺・金立線
30,160,3,金立,20,10,平日,尼寺・金立線
30,160,4,自動車試験場,20,20,平日,尼寺・金立線
36,161,1,佐賀駅バスセンター,7,15,平日,若楠・佐賀記念病院線
36,161,2,若楠,7,35,平日,若楠・佐賀記念病院線
36,161,3,佐賀記念病院,7,45,平日,若楠・佐賀記念病院線
36,162,1,佐賀駅バスセンター,8,15,平日,若楠・佐賀記念病院線
36,162,2,若楠,8,35,平日,若楠・佐賀記念病院線
36,162,3,佐賀記念病院,8,45,平日,若楠・佐賀記念病院線
36,163,1,佐賀駅バスセンター,9,15,平日,若楠・佐賀記念病院線
36,163,2,若楠,9,35,平日,若楠・佐賀記念病院線
36,163,3,佐賀記念病院,9,45,平日,若楠・佐賀記念病院線
36,164,1,佐賀駅バスセンター,10,15,平日,若楠・佐賀記念病院線
36,164,2,若楠,10,35,平日,若楠・佐賀記念病院線
36,164,3,佐賀記念病院,10,45,平日,若楠・佐賀記念病院線
36,165,1,佐賀駅バスセンター,11,15,平日,若楠・佐賀記念病院線
36,165,2,若楠,11,35,平日,若楠・佐賀記念病院線
36,165,3,佐賀記念病院,11,45,平日,若楠・佐賀記念病院線
36,166,1,佐賀駅バスセンター,12,15,平日,若楠・佐賀記念病院線
36,166,2,若楠,12,35,平日,若楠・佐賀記念病院線
36,166,3,佐賀記念病院,12,45,平日,若楠・佐賀記念病院線
36,167,1,佐賀駅バスセンター,13,15,平日,若楠・佐賀記念病院線
36,167,2,若楠,13,35,平日,若楠・佐賀記念病院線
36,167,3,佐賀記念病院,13,45,平日,若楠・佐賀記念病院線
36,168,1,佐賀駅バスセンター,14,15,平日,若楠・佐賀記念病院線
36,168,2,若楠,14,35,平日,若楠・佐賀記念病院線
36,168,3,佐賀記念病院,14,45,平日,若楠・佐賀記念病院線
36,169,1,佐賀駅バスセンター,15,15,平日,若楠・佐賀記念病院線
36,169,2,若楠,15,35,平日,若楠・佐賀記念病院線
36,169,3,佐賀記念病院,15,45,平日,若楠・佐賀記念病院線
36,170,1,佐賀駅バスセンター,16,15,平日,若楠・佐賀記念病院線
36,170,2,若楠,16,35,平日,若楠・佐賀記念病院線
36,170,3,佐賀記念病院,16,45,平日,若楠・佐賀記念病院線
36,171,1,佐賀駅バスセンター,17,15,平日,若楠・佐賀記念病院線
36,171,2,若楠,17,35,平日,若楠・佐賀記念病院線
36,171,3,佐賀記念病院,17,45,平日,若楠・佐賀記念病院線
36,172,1,佐賀駅バスセンター,18,15,平日,若楠・佐賀記念病院線
36,172,2,若楠,18,35,平日,若楠・佐賀記念病院線
36,172,3,佐賀記念病院,18,45,平日,若楠・佐賀記念病院線
5,33,1,佐賀駅バスセンター,7,15,平日,ゆめタウン線
5,33,2,唐人町,7,20,平日,ゆめタウン線
5,33,3,片田江,7,23,平日,ゆめタウン線
5,33,4,ゆめタウン佐賀,7,30,平日,ゆめタウン線
5,34,1,佐賀駅バスセンター,7,45,平日,ゆめタウン線
5,34,2,唐人町,7,50,平日,ゆめタウン線
5,34,3,片田江,7,53,平日,ゆめタウン線
5,34,4,ゆめタウン佐賀,8,0,平日,ゆめタウン線
5,35,1,佐賀駅バスセンター,8,15,平日,ゆめタウン線
5,35,2,唐人町,8,20,平日,ゆめタウン線
5,35,3,片田江,8,23,平日,ゆめタウン線
5,35,4,ゆめタウン佐賀,8,30,平日,ゆめタウン線
5,36,1,佐賀駅バスセンター,8,45,平日,ゆめタウン線
5,36,2,唐人町,8,50,平日,ゆめタウン線
5,36,3,片田江,8,53,平日,ゆめタウン線
5,36,4,ゆめタウン佐賀,9,0,平日,ゆめタウン線
5,37,1,佐賀駅バスセンター,9,15,平日,ゆめタウン線
5,37,2,唐人町,9,20,平日,ゆめタウン線
5,37,3,片田江,9,23,平日,ゆめタウン線
5,37,4,ゆめタウン佐賀,9,30,平日,ゆめタウン線
5,38,1,佐賀駅バスセンター,9,45,平日,ゆめタウン線
5,38,2,唐人町,9,50,平日,ゆめタウン線
5,38,3,片田江,9,53,平日,ゆめタウン線
5,38,4,ゆめタウン佐賀,10,0,平日,ゆめタウン線
5,39,1,佐賀駅バスセンター,10,15,平日,ゆめタウン線
5,39,2,唐人町,10,20,平日,ゆめタウン線
5,39,3,片田江,10,23,平日,ゆめタウン線
5,39,4,ゆめタウン佐賀,10,30,平日,ゆめタウン線
5,40,1,佐賀駅バスセンター,10,45,平日,ゆめタウン線
5,40,2,唐人町,10,50,平日,ゆめタウン線
5,40,3,片田江,10,53,平日,ゆめタウン線
5,40,4,ゆめタウン佐賀,11,0,平日,ゆめタウン線
5,41,1,佐賀駅バスセンター,11,15,平日,ゆめタウン線
5,41,2,唐人町,11,20,平日,ゆめタウン線
5,41,3,片田江,11,23,平日,ゆめタウン線
5,41,4,ゆめタウン佐賀,11,30,平日,ゆめタウン線
5,42,1,佐賀駅バスセンター,11,45,平日,ゆめタウン線
5,42,2,唐人町,11,50,平日,ゆめタウン線
5,42,3,片田江,11,53,平日,ゆめタウン線
5,42,4,ゆめタウン佐賀,12,0,平日,ゆめタウン線
5,43,1,佐賀駅バスセンター,12,15,平日,ゆめタウン線
5,43,2,唐人町,12,20,平日,ゆめタウン線
5,43,3,片田江,12,23,平日,ゆめタウン線
5,43,4,ゆめタウン佐賀,12,30,平日,ゆめタウン線
5,44,1,佐賀駅バスセンター,12,45,平日,ゆめタウン線
5,44,2,唐人町,12,50,平日,ゆめタウン線
5,44,3,片田江,12,53,平日,ゆめタウン線
5,44,4,ゆめタウン佐賀,13,0,平日,ゆめタウン線
5,45,1,佐賀駅バスセンター,13,15,平日,ゆめタウン線
5,45,2,唐人町,13,20,平日,ゆめタウン線
5,45,3,片田江,13,23,平日,ゆめタウン線
5,45,4,ゆめタウン佐賀,13,30,平日,ゆめタウン線
5,46,1,佐賀駅バスセンター,13,45,平日,ゆめタウン線
5,46,2,唐人町,13,50,平日,ゆめタウン線
5,46,3,片田江,13,53,平日,ゆめタウン線
5,46,4,ゆめタウン佐賀,14,0,平日,ゆめタウン線
5,47,1,佐賀駅バスセンター,14,15,平日,ゆめタウン線
5,47,2,唐人町,14,20,平日,ゆめタウン線
5,47,3,片田江,14,23,平日,ゆめタウン線
5,47,4,ゆめタウン佐賀,14,30,平日,ゆめタウン線
5,48,1,佐賀駅バスセンター,14,45,平日,ゆめタウン線
5,48,2,唐人町,14,50,平日,ゆめタウン線
5,48,3,片田江,14,53,平日,ゆめタウン線
5,48,4,ゆめタウン佐賀,15,0,平日,ゆめタウン線
5,49,1,佐賀駅バスセンター,15,15,平日,ゆめタウン線
5,49,2,唐人町,15,20,平日,ゆめタウン線
5,49,3,片田江,15,23,平日,ゆめタウン線
5,49,4,ゆめタウン佐賀,15,30,平日,ゆめタウン線
5,50,1,佐賀駅バスセンター,15,45,平日,ゆめタウン線
5,50,2,唐人町,15,50,平日,ゆめタウン線
5,50,3,片田江,15,53,平日,ゆめタウン線
5,50,4,ゆめタウン佐賀,16,0,平日,ゆめタウン線
5,51,1,佐賀駅バスセンター,16,15,平日,ゆめタウン線
5,51,2,唐人町,16,20,平日,ゆめタウン線
5,51,3,片田江,16,23,平日,ゆめタウン線
5,51,4,ゆめタウン佐賀,16,30,平日,ゆめタウン線
5,52,1,佐賀駅バスセンター,16,45,平日,ゆめタウン線
5,52,2,唐人町,16,50,平日,ゆめタウン線
5,52,3,片田江,16,53,平日,ゆめタウン線
5,52,4,ゆめタウン佐賀,17,0,平日,ゆめタウン線
5,53,1,佐賀駅バスセンター,17,15,平日,ゆめタウン線
5,53,2,唐人町,17,20,平日,ゆめタウン線
5,53,3,片田江,17,23,平日,ゆめタウン線
5,53,4,ゆめタウン佐賀,17,30,平日,ゆめタウン線
5,54,1,佐賀駅バスセンター,17,45,平日,ゆめタウン線
5,54,2,唐人町,17,50,平日,ゆめタウン線
5,54,3,片田江,17,53,平日,ゆめタウン線
5,54,4,ゆめタウン佐賀,18,0,平日,ゆめタウン線
5,55,1,佐賀駅バスセンター,18,15,平日,ゆめタウン線
5,55,2,唐人町,18,20,平日,ゆめタウン線
5,55,3,片田江,18,23,平日,ゆめタウン線
5,55,4,ゆめタウン佐賀,18,30,平日,ゆめタウン線
5,56,1,佐賀駅バスセンター,18,45,平日,ゆめタウン線
5,56,2,唐人町,18,50,平日,ゆめタウン線
5,56,3,片田江,18,53,平日,ゆめタウン線
5,56,4,ゆめタウン佐賀,19,0,平日,ゆめタウン線
5,57,1,佐賀駅バスセンター,19,15,平日,ゆめタウン線
5,57,2,唐人町,19,20,平日,ゆめタウン線
5,57,3,片田江,19,23,平日,ゆめタウン線
5,57,4,ゆめタウン佐賀,19,30,平日,ゆめタウン線
5,58,1,佐賀駅バスセンター,19,45,平日,ゆめタウン線
5,58,2,唐人町,19,50,平日,ゆめタウン線
5,58,3,片田江,19,53,平日,ゆめタウン線
5,58,4,ゆめタウン佐賀,20,0,平日,ゆめタウン線
5,59,1,佐賀駅バスセンター,20,15,平日,ゆめタウン線
5,59,2,唐人町,20,20,平日,ゆめタウン線
5,59,3,片田江,20,23,平日,ゆめタウン線
5,59,4,ゆめタウン佐賀,20,30,平日,ゆめタウン線
5,60,1,佐賀駅バスセンター,20,45,平日,ゆめタウン線
5,60,2,唐人町,20,50,平日,ゆめタウン線
5,60,3,片田江,20,53,平日,ゆめタウン線
5,60,4,ゆめタウン佐賀,21,0,平日,ゆめタウン線
50,173,1,佐賀駅バスセンター,7,5,平日,神野公園・佐賀大学病院線
50,173,2,神野公園,7,20,平日,神野公園・佐賀大学病院線
50,173,3,佐賀大学病院,7,30,平日,神野公園・佐賀大学病院線
50,174,1,佐賀駅バスセンター,8,5,平日,神野公園・佐賀大学病院線
50,174,2,神野公園,8,20,平日,神野公園・佐賀大学病院線
50,174,3,佐賀大学病院,8,30,平日,神野公園・佐賀大学病院線
50,175,1,佐賀駅バスセンター,9,5,平日,神野公園・佐賀大学病院線
50,175,2,神野公園,9,20,平日,神野公園・佐賀大学病院線
50,175,3,佐賀大学病院,9,30,平日,神野公園・佐賀大学病院線
50,176,1,佐賀駅バスセンター,10,5,平日,神野公園・佐賀大学病院線
50,176,2,神野公園,10,20,平日,神野公園・佐賀大学病院線
50,176,3,佐賀大学病院,10,30,平日,神野公園・佐賀大学病院線
50,177,1,佐賀駅バスセンター,11,5,平日,神野公園・佐賀大学病院線
50,177,2,神野公園,11,20,平日,神野公園・佐賀大学病院線
50,177,3,佐賀大学病院,11,30,平日,神野公園・佐賀大学病院線
50,178,1,佐賀駅バスセンター,12,5,平日,神野公園・佐賀大学病院線
50,178,2,神野公園,12,20,平日,神野公園・佐賀大学病院線
50,178,3,佐賀大学病院,12,30,平日,神野公園・佐賀大学病院線
50,179,1,佐賀駅バスセンター,13,5,平日,神野公園・佐賀大学病院線
50,179,2,神野公園,13,20,平日,神野公園・佐賀大学病院線
50,179,3,佐賀大学病院,13,30,平日,神野公園・佐賀大学病院線
50,180,1,佐賀駅バスセンター,14,5,平日,神野公園・佐賀大学病院線
50,180,2,神野公園,14,20,平日,神野公園・佐賀大学病院線
50,180,3,佐賀大学病院,14,30,平日,神野公園・佐賀大学病院線
50,181,1,佐賀駅バスセンター,15,5,平日,神野公園・佐賀大学病院線
50,181,2,神野公園,15,20,平日,神野公園・佐賀大学病院線
50,181,3,佐賀大学病院,15,30,平日,神野公園・佐賀大学病院線
50,182,1,佐賀駅バスセンター,16,5,平日,神野公園・佐賀大学病院線
50,182,2,神野公園,16,20,平日,神野公園・佐賀大学病院線
50,182,3,佐賀大学病院,16,30,平日,神野公園・佐賀大学病院線
50,183,1,佐賀駅バスセンター,17,5,平日,神野公園・佐賀大学病院線
50,183,2,神野公園,17,20,平日,神野公園・佐賀大学病院線
50,183,3,佐賀大学病院,17,30,平日,神野公園・佐賀大学病院線
50,184,1,佐賀駅バスセンター,18,5,平日,神野公園・佐賀大学病院線
50,184,2,神野公園,18,20,平日,神野公園・佐賀大学病院線
50,184,3,佐賀大学病院,18,30,平日,神野公園・佐賀大学病院線
7,61,1,佐賀駅バスセンター,6,45,平日,佐賀空港線
7,61,2,市役所前,6,48,平日,佐賀空港線
7,61,3,川副,7,5,平日,佐賀空港線
7,61,4,佐賀空港,7,20,平日,佐賀空港線
7,62,1,佐賀駅バスセンター,7,45,平日,佐賀空港線
7,62,2,市役所前,7,48,平日,佐賀空港線
7,62,3,川副,8,5,平日,佐賀空港線
7,62,4,佐賀空港,8,20,平日,佐賀空港線
7,63,1,佐賀駅バスセンター,8,45,平日,佐賀空港線
7,63,2,市役所前,8,48,平日,佐賀空港線
7,63,3,川副,9,5,平日,佐賀空港線
7,63,4,佐賀空港,9,20,平日,佐賀空港線
7,64,1,佐賀駅バスセンター,9,45,平日,佐賀空港線
7,64,2,市役所前,9,48,平日,佐賀空港線
7,64,3,川副,10,5,平日,佐賀空港線
7,64,4,佐賀空港,10,20,平日,佐賀空港線
7,65,1,佐賀駅バスセンター,10,45,平日,佐賀空港線
7,65,2,市役所前,10,48,平日,佐賀空港線
7,65,3,川副,11,5,平日,佐賀空港線
7,65,4,佐賀空港,11,20,平日,佐賀空港線
7,66,1,佐賀駅バスセンター,11,45,平日,佐賀空港線
7,66,2,市役所前,11,48,平日,佐賀空港線
7,66,3,川副,12,5,平日,佐賀空港線
7,66,4,佐賀空港,12,20,平日,佐賀空港線
7,67,1,佐賀駅バスセンター,12,45,平日,佐賀空港線
7,67,2,市役所前,12,48,平日,佐賀空港線
7,67,3,川副,13,5,平日,佐賀空港線
7,67,4,佐賀空港,13,20,平日,佐賀空港線
7,68,1,佐賀駅バスセンター,13,45,平日,佐賀空港線
7,68,2,市役所前,13,48,平日,佐賀空港線
7,68,3,川副,14,5,平日,佐賀空港線
7,68,4,佐賀空港,14,20,平日,佐賀空港線
7,69,1,佐賀駅バスセンター,14,45,平日,佐賀空港線
7,69,2,市役所前,14,48,平日,佐賀空港線
7,69,3,川副,15,5,平日,佐賀空港線
7,69,4,佐賀空港,15,20,平日,佐賀空港線
7,70,1,佐賀駅バスセンター,15,45,平日,佐賀空港線
7,70,2,市役所前,15,48,平日,佐賀空港線
7,70,3,川副,16,5,平日,佐賀空港線
7,70,4,佐賀空港,16,20,平日,佐賀空港線
7,71,1,佐賀駅バスセンター,16,45,平日,佐賀空港線
7,71,2,市役所前,16,48,平日,佐賀空港線
7,71,3,川副,17,5,平日,佐賀空港線
7,71,4,佐賀空港,17,20,平日,佐賀空港線
7,72,1,佐賀駅バスセンター,17,45,平日,佐賀空港線
7,72,2,市役所前,17,48,平日,佐賀空港線
7,72,3,川副,18,5,平日,佐賀空港線
7,72,4,佐賀空港,18,20,平日,佐賀空港線
7,73,1,佐賀駅バスセンター,18,45,平日,佐賀空港線
7,73,2,市役所前,18,48,平日,佐賀空港線
7,73,3,川副,19,5,平日,佐賀空港線
7,73,4,佐賀空港,19,20,平日,佐賀空港線
7,74,1,佐賀駅バスセンター,19,45,平日,佐賀空港線
7,74,2,市役所前,19,48,平日,佐賀空港線
7,74,3,川副,20,5,平日,佐賀空港線
7,74,4,佐賀空港,20,20,平日,佐賀空港線
2,5200,1,佐賀駅バスセンター,7,54,土日祝,県庁前・佐嘉神社線,佐賀市営バス
2,5200,2,市役所前,7,59,土日祝,県庁前・佐嘉神社線,佐賀市営バス
2,5200,3,県庁前,8,4,土日祝,県庁前・佐嘉神社線,佐賀市営バス
2,5200,4,佐嘉神社,8,9,土日祝,県庁前・佐嘉神社線,佐賀市営バス
2,5201,1,佐賀駅バスセンター,18,41,土日祝,県庁前・佐嘉神社線,佐賀市営バス
2,5201,2,市役所前,18,46,土日祝,県庁前・佐嘉神社線,佐賀市営バス
2,5201,3,県庁前,18,51,土日祝,県庁前・佐嘉神社線,佐賀市営バス
2,5201,4,佐嘉神社,18,56,土日祝,県庁前・佐嘉神社線,佐賀市営バス
2,5202,1,佐賀駅バスセンター,18,43,土日祝,県庁前・佐嘉神社線,佐賀市営バス
2,5202,2,市役所前,18,48,土日祝,県庁前・佐嘉神社線,佐賀市営バス
2,5202,3,県庁前,18,53,土日祝,県庁前・佐嘉神社線,佐賀市営バス
2,5202,4,佐嘉神社,18,58,土日祝,県庁前・佐嘉神社線,佐賀市営バス
5,5500,1,佐賀駅バスセンター,7,0,土日祝,ゆめタウン線,佐賀市営バス
5,5500,2,唐人町,7,5,土日祝,ゆめタウン線,佐賀市営バス
5,5500,3,片田江,7,10,土日祝,ゆめタウン線,佐賀市営バス
5,5500,4,ゆめタウン佐賀,7,15,土日祝,ゆめタウン線,佐賀市営バス
5,5501,1,佐賀駅バスセンター,7,25,土日祝,ゆめタウン線,佐賀市営バス
5,5501,2,唐人町,7,30,土日祝,ゆめタウン線,佐賀市営バス
5,5501,3,片田江,7,35,土日祝,ゆめタウン線,佐賀市営バス
5,5501,4,ゆめタウン佐賀,7,40,土日祝,ゆめタウン線,佐賀市営バス
5,5502,1,佐賀駅バスセンター,7,45,土日祝,ゆめタウン線,佐賀市営バス
5,5502,2,唐人町,7,50,土日祝,ゆめタウン線,佐賀市営バス
5,5502,3,片田江,7,55,土日祝,ゆめタウン線,佐賀市営バス
5,5502,4,ゆめタウン佐賀,8,0,土日祝,ゆめタウン線,佐賀市営バス
5,5503,1,佐賀駅バスセンター,8,0,土日祝,ゆめタウン線,佐賀市営バス
5,5503,2,唐人町,8,5,土日祝,ゆめタウン線,佐賀市営バス
5,5503,3,片田江,8,10,土日祝,ゆめタウン線,佐賀市営バス
5,5503,4,ゆめタウン佐賀,8,15,土日祝,ゆめタウン線,佐賀市営バス
5,5504,1,佐賀駅バスセンター,8,15,土日祝,ゆめタウン線,佐賀市営バス
5,5504,2,唐人町,8,20,土日祝,ゆめタウン線,佐賀市営バス
5,5504,3,片田江,8,25,土日祝,ゆめタウン線,佐賀市営バス
5,5504,4,ゆめタウン佐賀,8,30,土日祝,ゆめタウン線,佐賀市営バス
5,5505,1,佐賀駅バスセンター,8,30,土日祝,ゆめタウン線,佐賀市営バス
5,5505,2,唐人町,8,35,土日祝,ゆめタウン線,佐賀市営バス
5,5505,3,片田江,8,40,土日祝,ゆめタウン線,佐賀市営バス
5,5505,4,ゆめタウン佐賀,8,45,土日祝,ゆめタウン線,佐賀市営バス
5,5506,1,佐賀駅バスセンター,9,0,土日祝,ゆめタウン線,佐賀市営バス
5,5506,2,唐人町,9,5,土日祝,ゆめタウン線,佐賀市営バス
5,5506,3,片田江,9,10,土日祝,ゆめタウン線,佐賀市営バス
5,5506,4,ゆめタウン佐賀,9,15,土日祝,ゆめタウン線,佐賀市営バス
5,5507,1,佐賀駅バスセンター,9,30,土日祝,ゆめタウン線,佐賀市営バス
5,5507,2,唐人町,9,35,土日祝,ゆめタウン線,佐賀市営バス
5,5507,3,片田江,9,40,土日祝,ゆめタウン線,佐賀市営バス
5,5507,4,ゆめタウン佐賀,9,45,土日祝,ゆめタウン線,佐賀市営バス
5,5508,1,佐賀駅バスセンター,10,0,土日祝,ゆめタウン線,佐賀市営バス
5,5508,2,唐人町,10,5,土日祝,ゆめタウン線,佐賀市営バス
5,5508,3,片田江,10,10,土日祝,ゆめタウン線,佐賀市営バス
5,5508,4,ゆめタウン佐賀,10,15,土日祝,ゆめタウン線,佐賀市営バス
5,5509,1,佐賀駅バスセンター,10,20,土日祝,ゆめタウン線,佐賀市営バス
5,5509,2,唐人町,10,25,土日祝,ゆめタウン線,佐賀市営バス
5,5509,3,片田江,10,30,土日祝,ゆめタウン線,佐賀市営バス
5,5509,4,ゆめタウン佐賀,10,35,土日祝,ゆめタウン線,佐賀市営バス
5,5510,1,佐賀駅バスセンター,10,40,土日祝,ゆめタウン線,佐賀市営バス
5,5510,2,唐人町,10,45,土日祝,ゆめタウン線,佐賀市営バス
5,5510,3,片田江,10,50,土日祝,ゆめタウン線,佐賀市営バス
5,5510,4,ゆめタウン佐賀,10,55,土日祝,ゆめタウン線,佐賀市営バス
5,5511,1,佐賀駅バスセンター,11,0,土日祝,ゆめタウン線,佐賀市営バス
5,5511,2,唐人町,11,5,土日祝,ゆめタウン線,佐賀市営バス
5,5511,3,片田江,11,10,土日祝,ゆめタウン線,佐賀市営バス
5,5511,4,ゆめタウン佐賀,11,15,土日祝,ゆめタウン線,佐賀市営バス
5,5512,1,佐賀駅バスセンター,11,20,土日祝,ゆめタウン線,佐賀市営バス
5,5512,2,唐人町,11,25,土日祝,ゆめタウン線,佐賀市営バス
5,5512,3,片田江,11,30,土日祝,ゆめタウン線,佐賀市営バス
5,5512,4,ゆめタウン佐賀,11,35,土日祝,ゆめタウン線,佐賀市営バス
5,5513,1,佐賀駅バスセンター,11,40,土日祝,ゆめタウン線,佐賀市営バス
5,5513,2,唐人町,11,45,土日祝,ゆめタウン線,佐賀市営バス
5,5513,3,片田江,11,50,土日祝,ゆめタウン線,佐賀市営バス
5,5513,4,ゆめタウン佐賀,11,55,土日祝,ゆめタウン線,佐賀市営バス
5,5514,1,佐賀駅バスセンター,12,0,土日祝,ゆめタウン線,佐賀市営バス
5,5514,2,唐人町,12,5,土日祝,ゆめタウン線,佐賀市営バス
5,5514,3,片田江,12,10,土日祝,ゆめタウン線,佐賀市営バス
5,5514,4,ゆめタウン佐賀,12,15,土日祝,ゆめタウン線,佐賀市営バス
5,5515,1,佐賀駅バスセンター,12,20,土日祝,ゆめタウン線,佐賀市営バス
5,5515,2,唐人町,12,25,土日祝,ゆめタウン線,佐賀市営バス
5,5515,3,片田江,12,30,土日祝,ゆめタウン線,佐賀市営バス
5,5515,4,ゆめタウン佐賀,12,35,土日祝,ゆめタウン線,佐賀市営バス
5,5516,1,佐賀駅バスセンター,12,40,土日祝,ゆめタウン線,佐賀市営バス
5,5516,2,唐人町,12,45,土日祝,ゆめタウン線,佐賀市営バス
5,5516,3,片田江,12,50,土日祝,ゆめタウン線,佐賀市営バス
5,5516,4,ゆめタウン佐賀,12,55,土日祝,ゆめタウン線,佐賀市営バス
5,5517,1,佐賀駅バスセンター,13,0,土日祝,ゆめタウン線,佐賀市営バス
5,5517,2,唐人町,13,5,土日祝,ゆめタウン線,佐賀市営バス
5,5517,3,片田江,13,10,土日祝,ゆめタウン線,佐賀市営バス
5,5517,4,ゆめタウン佐賀,13,15,土日祝,ゆめタウン線,佐賀市営バス
5,5518,1,佐賀駅バスセンター,13,20,土日祝,ゆめタウン線,佐賀市営バス
5,5518,2,唐人町,13,25,土日祝,ゆめタウン線,佐賀市営バス
5,5518,3,片田江,13,30,土日祝,ゆめタウン線,佐賀市営バス
5,5518,4,ゆめタウン佐賀,13,35,土日祝,ゆめタウン線,佐賀市営バス
5,5519,1,佐賀駅バスセンター,13,40,土日祝,ゆめタウン線,佐賀市営バス
5,5519,2,唐人町,13,45,土日祝,ゆめタウン線,佐賀市営バス
5,5519,3,片田江,13,50,土日祝,ゆめタウン線,佐賀市営バス
5,5519,4,ゆめタウン佐賀,13,55,土日祝,ゆめタウン線,佐賀市営バス
5,5520,1,佐賀駅バスセンター,14,0,土日祝,ゆめタウン線,佐賀市営バス
5,5520,2,唐人町,14,5,土日祝,ゆめタウン線,佐賀市営バス
5,5520,3,片田江,14,10,土日祝,ゆめタウン線,佐賀市営バス
5,5520,4,ゆめタウン佐賀,14,15,土日祝,ゆめタウン線,佐賀市営バス
5,5521,1,佐賀駅バスセンター,14,20,土日祝,ゆめタウン線,佐賀市営バス
5,5521,2,唐人町,14,25,土日祝,ゆめタウン線,佐賀市営バス
5,5521,3,片田江,14,30,土日祝,ゆめタウン線,佐賀市営バス
5,5521,4,ゆめタウン佐賀,14,35,土日祝,ゆめタウン線,佐賀市営バス
5,5522,1,佐賀駅バスセンター,14,40,土日祝,ゆめタウン線,佐賀市営バス
5,5522,2,唐人町,14,45,土日祝,ゆめタウン線,佐賀市営バス
5,5522,3,片田江,14,50,土日祝,ゆめタウン線,佐賀市営バス
5,5522,4,ゆめタウン佐賀,14,55,土日祝,ゆめタウン線,佐賀市営バス
5,5523,1,佐賀駅バスセンター,15,0,土日祝,ゆめタウン線,佐賀市営バス
5,5523,2,唐人町,15,5,土日祝,ゆめタウン線,佐賀市営バス
5,5523,3,片田江,15,10,土日祝,ゆめタウン線,佐賀市営バス
5,5523,4,ゆめタウン佐賀,15,15,土日祝,ゆめタウン線,佐賀市営バス
5,5524,1,佐賀駅バスセンター,15,20,土日祝,ゆめタウン線,佐賀市営バス
5,5524,2,唐人町,15,25,土日祝,ゆめタウン線,佐賀市営バス
5,5524,3,片田江,15,30,土日祝,ゆめタウン線,佐賀市営バス
5,5524,4,ゆめタウン佐賀,15,35,土日祝,ゆめタウン線,佐賀市営バス
5,5525,1,佐賀駅バスセンター,15,40,土日祝,ゆめタウン線,佐賀市営バス
5,5525,2,唐人町,15,45,土日祝,ゆめタウン線,佐賀市営バス
5,5525,3,片田江,15,50,土日祝,ゆめタウン線,佐賀市営バス
5,5525,4,ゆめタウン佐賀,15,55,土日祝,ゆめタウン線,佐賀市営バス
5,5526,1,佐賀駅バスセンター,16,0,土日祝,ゆめタウン線,佐賀市営バス
5,5526,2,唐人町,16,5,土日祝,ゆめタウン線,佐賀市営バス
5,5526,3,片田江,16,10,土日祝,ゆめタウン線,佐賀市営バス
5,5526,4,ゆめタウン佐賀,16,15,土日祝,ゆめタウン線,佐賀市営バス
5,5527,1,佐賀駅バスセンター,16,20,土日祝,ゆめタウン線,佐賀市営バス
5,5527,2,唐人町,16,25,土日祝,ゆめタウン線,佐賀市営バス
5,5527,3,片田江,16,30,土日祝,ゆめタウン線,佐賀市営バス
5,5527,4,ゆめタウン佐賀,16,35,土日祝,ゆめタウン線,佐賀市営バス
5,5528,1,佐賀駅バスセンター,16,40,土日祝,ゆめタウン線,佐賀市営バス
5,5528,2,唐人町,16,45,土日祝,ゆめタウン線,佐賀市営バス
5,5528,3,片田江,16,50,土日祝,ゆめタウン線,佐賀市営バス
5,5528,4,ゆめタウン佐賀,16,55,土日祝,ゆめタウン線,佐賀市営バス
5,5529,1,佐賀駅バスセンター,17,0,土日祝,ゆめタウン線,佐賀市営バス
5,5529,2,唐人町,17,5,土日祝,ゆめタウン線,佐賀市営バス
5,5529,3,片田江,17,10,土日祝,ゆめタウン線,佐賀市営バス
5,5529,4,ゆめタウン佐賀,17,15,土日祝,ゆめタウン線,佐賀市営バス
5,5530,1,佐賀駅バスセンター,17,20,土日祝,ゆめタウン線,佐賀市営バス
5,5530,2,唐人町,17,25,土日祝,ゆめタウン線,佐賀市営バス
5,5530,3,片田江,17,30,土日祝,ゆめタウン線,佐賀市営バス
5,5530,4,ゆめタウン佐賀,17,35,土日祝,ゆめタウン線,佐賀市営バス
5,5531,1,佐賀駅バスセンター,17,40,土日祝,ゆめタウン線,佐賀市営バス
5,5531,2,唐人町,17,45,土日祝,ゆめタウン線,佐賀市営バス
5,5531,3,片田江,17,50,土日祝,ゆめタウン線,佐賀市営バス
5,5531,4,ゆめタウン佐賀,17,55,土日祝,ゆめタウン線,佐賀市営バス
5,5532,1,佐賀駅バスセンター,18,0,土日祝,ゆめタウン線,佐賀市営バス
5,5532,2,唐人町,18,5,土日祝,ゆめタウン線,佐賀市営バス
5,5532,3,片田江,18,10,土日祝,ゆめタウン線,佐賀市営バス
5,5532,4,ゆめタウン佐賀,18,15,土日祝,ゆめタウン線,佐賀市営バス
5,5533,1,佐賀駅バスセンター,18,30,土日祝,ゆめタウン線,佐賀市営バス
5,5533,2,唐人町,18,35,土日祝,ゆめタウン線,佐賀市営バス
5,5533,3,片田江,18,40,土日祝,ゆめタウン線,佐賀市営バス
5,5533,4,ゆめタウン佐賀,18,45,土日祝,ゆめタウン線,佐賀市営バス
5,5534,1,佐賀駅バスセンター,19,0,土日祝,ゆめタウン線,佐賀市営バス
5,5534,2,唐人町,19,5,土日祝,ゆめタウン線,佐賀市営バス
5,5534,3,片田江,19,10,土日祝,ゆめタウン線,佐賀市営バス
5,5534,4,ゆめタウン佐賀,19,15,土日祝,ゆめタウン線,佐賀市営バス
5,5535,1,佐賀駅バスセンター,19,30,土日祝,ゆめタウン線,佐賀市営バス
5,5535,2,唐人町,19,35,土日祝,ゆめタウン線,佐賀市営バス
5,5535,3,片田江,19,40,土日祝,ゆめタウン線,佐賀市営バス
5,5535,4,ゆめタウン佐賀,19,45,土日祝,ゆめタウン線,佐賀市営バス
5,5536,1,佐賀駅バスセンター,20,0,土日祝,ゆめタウン線,佐賀市営バス
5,5536,2,唐人町,20,5,土日祝,ゆめタウン線,佐賀市営バス
5,5536,3,片田江,20,10,土日祝,ゆめタウン線,佐賀市営バス
5,5536,4,ゆめタウン佐賀,20,15,土日祝,ゆめタウン線,佐賀市営バス
5,5537,1,佐賀駅バスセンター,20,30,土日祝,ゆめタウン線,佐賀市営バス
5,5537,2,唐人町,20,35,土日祝,ゆめタウン線,佐賀市営バス
5,5537,3,片田江,20,40,土日祝,ゆめタウン線,佐賀市営バス
5,5537,4,ゆめタウン佐賀,20,45,土日祝,ゆめタウン線,佐賀市営バス
5,5538,1,佐賀駅バスセンター,21,0,土日祝,ゆめタウン線,佐賀市営バス
5,5538,2,唐人町,21,5,土日祝,ゆめタウン線,佐賀市営バス
5,5538,3,片田江,21,10,土日祝,ゆめタウン線,佐賀市営バス
5,5538,4,ゆめタウン佐賀,21,15,土日祝,ゆめタウン線,佐賀市営バス
5,5539,1,佐賀駅バスセンター,21,30,土日祝,ゆめタウン線,佐賀市営バス
5,5539,2,唐人町,21,35,土日祝,ゆめタウン線,佐賀市営バス
5,5539,3,片田江,21,40,土日祝,ゆめタウン線,佐賀市営バス
5,5539,4,ゆめタウン佐賀,21,45,土日祝,ゆめタウン線,佐賀市営バス
5,5540,1,佐賀駅バスセンター,22,0,土日祝,ゆめタウン線,佐賀市営バス
5,5540,2,唐人町,22,5,土日祝,ゆめタウン線,佐賀市営バス
5,5540,3,片田江,22,10,土日祝,ゆめタウン線,佐賀市営バス
5,5540,4,ゆめタウン佐賀,22,15,土日祝,ゆめタウン線,佐賀市営バス
11,6100,1,佐賀駅バスセンター,7,30,土日祝,佐賀大学・西与賀線,佐賀市営バス
11,6100,2,市役所前,7,35,土日祝,佐賀大学・西与賀線,佐賀市営バス
11,6100,3,佐賀大学前,7,40,土日祝,佐賀大学・西与賀線,佐賀市営バス
11,6100,4,佐賀大学,7,45,土日祝,佐賀大学・西与賀線,佐賀市営バス
11,6100,5,西与賀,7,50,土日祝,佐賀大学・西与賀線,佐賀市営バス
11,6101,1,佐賀駅バスセンター,8,30,土日祝,佐賀大学・西与賀線,佐賀市営バス
11,6101,2,市役所前,8,35,土日祝,佐賀大学・西与賀線,佐賀市営バス
11,6101,3,佐賀大学前,8,40,土日祝,佐賀大学・西与賀線,佐賀市営バス
11,6101,4,佐賀大学,8,45,土日祝,佐賀大学・西与賀線,佐賀市営バス
11,6101,5,西与賀,8,50,土日祝,佐賀大学・西与賀線,佐賀市営バス
11,6102,1,佐賀駅バスセンター,9,25,土日祝,佐賀大学・西与賀線,佐賀市営バス
11,6102,2,市役所前,9,30,土日祝,佐賀大学・西与賀線,佐賀市営バス
11,6102,3,佐賀大学前,9,35,土日祝,佐賀大学・西与賀線,佐賀市営バス
11,6102,4,佐賀大学,9,40,土日祝,佐賀大学・西与賀線,佐賀市営バス
11,6102,5,西与賀,9,45,土日祝,佐賀大学・西与賀線,佐賀市営バス
11,6103,1,佐賀駅バスセンター,10,25,土日祝,佐賀大学・西与賀線,佐賀市営バス
11,6103,2,市役所前,10,30,土日祝,佐賀大学・西与賀線,佐賀市営バス
11,6103,3,佐賀大学前,10,35,土日祝,佐賀大学・西与賀線,佐賀市営バス
11,6103,4,佐賀大学,10,40,土日祝,佐賀大学・西与賀線,佐賀市営バス
11,6103,5,西与賀,10,45,土日祝,佐賀大学・西与賀線,佐賀市営バス
11,6104,1,佐賀駅バスセンター,11,25,土日祝,佐賀大学・西与賀線,佐賀市営バス
11,6104,2,市役所前,11,30,土日祝,佐賀大学・西与賀線,佐賀市営バス
11,6104,3,佐賀大学前,11,35,土日祝,佐賀大学・西与賀線,佐賀市営バス
11,6104,4,佐賀大学,11,40,土日祝,佐賀大学・西与賀線,佐賀市営バス
11,6104,5,西与賀,11,45,土日祝,佐賀大学・西与賀線,佐賀市営バス
11,6105,1,佐賀駅バスセンター,12,25,土日祝,佐賀大学・西与賀線,佐賀市営バス
11,6105,2,市役所前,12,30,土日祝,佐賀大学・西与賀線,佐賀市営バス
11,6105,3,佐賀大学前,12,35,土日祝,佐賀大学・西与賀線,佐賀市営バス
11,6105,4,佐賀大学,12,40,土日祝,佐賀大学・西与賀線,佐賀市営バス
11,6105,5,西与賀,12,45,土日祝,佐賀大学・西与賀線,佐賀市営バス
11,6106,1,佐賀駅バスセンター,13,25,土日祝,佐賀大学・西与賀線,佐賀市営バス
11,6106,2,市役所前,13,30,土日祝,佐賀大学・西与賀線,佐賀市営バス
11,6106,3,佐賀大学前,13,35,土日祝,佐賀大学・西与賀線,佐賀市営バス
11,6106,4,佐賀大学,13,40,土日祝,佐賀大学・西与賀線,佐賀市営バス
11,6106,5,西与賀,13,45,土日祝,佐賀大学・西与賀線,佐賀市営バス
11,6107,1,佐賀駅バスセンター,14,25,土日祝,佐賀大学・西与賀線,佐賀市営バス
11,6107,2,市役所前,14,30,土日祝,佐賀大学・西与賀線,佐賀市営バス
11,6107,3,佐賀大学前,14,35,土日祝,佐賀大学・西与賀線,佐賀市営バス
11,6107,4,佐賀大学,14,40,土日祝,佐賀大学・西与賀線,佐賀市営バス
11,6107,5,西与賀,14,45,土日祝,佐賀大学・西与賀線,佐賀市営バス
11,6108,1,佐賀駅バスセンター,15,25,土日祝,佐賀大学・西与賀線,佐賀市営バス
11,6108,2,市役所前,15,30,土日祝,佐賀大学・西与賀線,佐賀市営バス
11,6108,3,佐賀大学前,15,35,土日祝,佐賀大学・西与賀線,佐賀市営バス
11,6108,4,佐賀大学,15,40,土日祝,佐賀大学・西与賀線,佐賀市営バス
11,6108,5,西与賀,15,45,土日祝,佐賀大学・西与賀線,佐賀市営バス
11,6109,1,佐賀駅バスセンター,16,25,土日祝,佐賀大学・西与賀線,佐賀市営バス
11,6109,2,市役所前,16,30,土日祝,佐賀大学・西与賀線,佐賀市営バス
11,6109,3,佐賀大学前,16,35,土日祝,佐賀大学・西与賀線,佐賀市営バス
11,6109,4,佐賀大学,16,40,土日祝,佐賀大学・西与賀線,佐賀市営バス
11,6109,5,西与賀,16,45,土日祝,佐賀大学・西与賀線,佐賀市営バス
11,6110,1,佐賀駅バスセンター,17,25,土日祝,佐賀大学・西与賀線,佐賀市営バス
11,6110,2,市役所前,17,30,土日祝,佐賀大学・西与賀線,佐賀市営バス
11,6110,3,佐賀大学前,17,35,土日祝,佐賀大学・西与賀線,佐賀市営バス
11,6110,4,佐賀大学,17,40,土日祝,佐賀大学・西与賀線,佐賀市営バス
11,6110,5,西与賀,17,45,土日祝,佐賀大学・西与賀線,佐賀市営バス
11,6111,1,佐賀駅バスセンター,18,15,土日祝,佐賀大学・西与賀線,佐賀市営バス
11,6111,2,市役所前,18,20,土日祝,佐賀大学・西与賀線,佐賀市営バス
11,6111,3,佐賀大学前,18,25,土日祝,佐賀大学・西与賀線,佐賀市営バス
11,6111,4,佐賀大学,18,30,土日祝,佐賀大学・西与賀線,佐賀市営バス
11,6111,5,西与賀,18,35,土日祝,佐賀大学・西与賀線,佐賀市営バス
11,6112,1,佐賀駅バスセンター,19,15,土日祝,佐賀大学・西与賀線,佐賀市営バス
11,6112,2,市役所前,19,20,土日祝,佐賀大学・西与賀線,佐賀市営バス
11,6112,3,佐賀大学前,19,25,土日祝,佐賀大学・西与賀線,佐賀市営バス
11,6112,4,佐賀大学,19,30,土日祝,佐賀大学・西与賀線,佐賀市営バス
11,6112,5,西与賀,19,35,土日祝,佐賀大学・西与賀線,佐賀市営バス
11,6113,1,佐賀駅バスセンター,20,15,土日祝,佐賀大学・西与賀線,佐賀市営バス
11,6113,2,市役所前,20,20,土日祝,佐賀大学・西与賀線,佐賀市営バス
11,6113,3,佐賀大学前,20,25,土日祝,佐賀大学・西与賀線,佐賀市営バス
11,6113,4,佐賀大学,20,30,土日祝,佐賀大学・西与賀線,佐賀市営バス
11,6113,5,西与賀,20,35,土日祝,佐賀大学・西与賀線,佐賀市営バス
11,6114,1,佐賀駅バスセンター,21,15,土日祝,佐賀大学・西与賀線,佐賀市営バス
11,6114,2,市役所前,21,20,土日祝,佐賀大学・西与賀線,佐賀市営バス
11,6114,3,佐賀大学前,21,25,土日祝,佐賀大学・西与賀線,佐賀市営バス
11,6114,4,佐賀大学,21,30,土日祝,佐賀大学・西与賀線,佐賀市営バス
11,6114,5,西与賀,21,35,土日祝,佐賀大学・西与賀線,佐賀市営バス
18,6800,1,佐賀駅バスセンター,9,5,土日祝,徳万・久保田線,佐賀市営バス
18,6800,2,徳万,9,10,土日祝,徳万・久保田線,佐賀市営バス
18,6800,3,久保田,9,15,土日祝,徳万・久保田線,佐賀市営バス
18,6801,1,佐賀駅バスセンター,11,5,土日祝,徳万・久保田線,佐賀市営バス
18,6801,2,徳万,11,10,土日祝,徳万・久保田線,佐賀市営バス
18,6801,3,久保田,11,15,土日祝,徳万・久保田線,佐賀市営バス
18,6802,1,佐賀駅バスセンター,13,5,土日祝,徳万・久保田線,佐賀市営バス
18,6802,2,徳万,13,10,土日祝,徳万・久保田線,佐賀市営バス
18,6802,3,久保田,13,15,土日祝,徳万・久保田線,佐賀市営バス
18,6803,1,佐賀駅バスセンター,15,5,土日祝,徳万・久保田線,佐賀市営バス
18,6803,2,徳万,15,10,土日祝,徳万・久保田線,佐賀市営バス
18,6803,3,久保田,15,15,土日祝,徳万・久保田線,佐賀市営バス
18,6804,1,佐賀駅バスセンター,17,5,土日祝,徳万・久保田線,佐賀市営バス
18,6804,2,徳万,17,10,土日祝,徳万・久保田線,佐賀市営バス
18,6804,3,久保田,17,15,土日祝,徳万・久保田線,佐賀市営バス
18,6805,1,佐賀駅バスセンター,21,10,土日祝,徳万・久保田線,佐賀市営バス
18,6805,2,徳万,21,15,土日祝,徳万・久保田線,佐賀市営バス
18,6805,3,久保田,21,20,土日祝,徳万・久保田線,佐賀市営バス
20,7000,1,佐賀駅バスセンター,6,50,土日祝,諸富・早津江線,佐賀市営バス
20,7000,2,諸富,6,55,土日祝,諸富・早津江線,佐賀市営バス
20,7000,3,早津江,7,0,土日祝,諸富・早津江線,佐賀市営バス
20,7001,1,佐賀駅バスセンター,7,20,土日祝,諸富・早津江線,佐賀市営バス
20,7001,2,諸富,7,25,土日祝,諸富・早津江線,佐賀市営バス
20,7001,3,早津江,7,30,土日祝,諸富・早津江線,佐賀市営バス
20,7002,1,佐賀駅バスセンター,7,55,土日祝,諸富・早津江線,佐賀市営バス
20,7002,2,諸富,8,0,土日祝,諸富・早津江線,佐賀市営バス
20,7002,3,早津江,8,5,土日祝,諸富・早津江線,佐賀市営バス
20,7003,1,佐賀駅バスセンター,8,20,土日祝,諸富・早津江線,佐賀市営バス
20,7003,2,諸富,8,25,土日祝,諸富・早津江線,佐賀市営バス
20,7003,3,早津江,8,30,土日祝,諸富・早津江線,佐賀市営バス
20,7004,1,佐賀駅バスセンター,9,15,土日祝,諸富・早津江線,佐賀市営バス
20,7004,2,諸富,9,20,土日祝,諸富・早津江線,佐賀市営バス
20,7004,3,早津江,9,25,土日祝,諸富・早津江線,佐賀市営バス
20,7005,1,佐賀駅バスセンター,10,15,土日祝,諸富・早津江線,佐賀市営バス
20,7005,2,諸富,10,20,土日祝,諸富・早津江線,佐賀市営バス
20,7005,3,早津江,10,25,土日祝,諸富・早津江線,佐賀市営バス
20,7006,1,佐賀駅バスセンター,11,15,土日祝,諸富・早津江線,佐賀市営バス
20,7006,2,諸富,11,20,土日祝,諸富・早津江線,佐賀市営バス
20,7006,3,早津江,11,25,土日祝,諸富・早津江線,佐賀市営バス
20,7007,1,佐賀駅バスセンター,12,15,土日祝,諸富・早津江線,佐賀市営バス
20,7007,2,諸富,12,20,土日祝,諸富・早津江線,佐賀市営バス
20,7007,3,早津江,12,25,土日祝,諸富・早津江線,佐賀市営バス
20,7008,1,佐賀駅バスセンター,13,15,土日祝,諸富・早津江線,佐賀市営バス
20,7008,2,諸富,13,20,土日祝,諸富・早津江線,佐賀市営バス
20,7008,3,早津江,13,25,土日祝,諸富・早津江線,佐賀市営バス
20,7009,1,佐賀駅バスセンター,14,15,土日祝,諸富・早津江線,佐賀市営バス
20,7009,2,諸富,14,20,土日祝,諸富・早津江線,佐賀市営バス
20,7009,3,早津江,14,25,土日祝,諸富・早津江線,佐賀市営バス
20,7010,1,佐賀駅バスセンター,15,15,土日祝,諸富・早津江線,佐賀市営バス
20,7010,2,諸富,15,20,土日祝,諸富・早津江線,佐賀市営バス
20,7010,3,早津江,15,25,土日祝,諸富・早津江線,佐賀市営バス
20,7011,1,佐賀駅バスセンター,16,15,土日祝,諸富・早津江線,佐賀市営バス
20,7011,2,諸富,16,20,土日祝,諸富・早津江線,佐賀市営バス
20,7011,3,早津江,16,25,土日祝,諸富・早津江線,佐賀市営バス
20,7012,1,佐賀駅バスセンター,17,15,土日祝,諸富・早津江線,佐賀市営バス
20,7012,2,諸富,17,20,土日祝,諸富・早津江線,佐賀市営バス
20,7012,3,早津江,17,25,土日祝,諸富・早津江線,佐賀市営バス
20,7013,1,佐賀駅バスセンター,17,45,土日祝,諸富・早津江線,佐賀市営バス
20,7013,2,諸富,17,50,土日祝,諸富・早津江線,佐賀市営バス
20,7013,3,早津江,17,55,土日祝,諸富・早津江線,佐賀市営バス
20,7014,1,佐賀駅バスセンター,18,45,土日祝,諸富・早津江線,佐賀市営バス
20,7014,2,諸富,18,50,土日祝,諸富・早津江線,佐賀市営バス
20,7014,3,早津江,18,55,土日祝,諸富・早津江線,佐賀市営バス
20,7015,1,佐賀駅バスセンター,19,50,土日祝,諸富・早津江線,佐賀市営バス
20,7015,2,諸富,19,55,土日祝,諸富・早津江線,佐賀市営バス
20,7015,3,早津江,20,0,土日祝,諸富・早津江線,佐賀市営バス
20,7016,1,佐賀駅バスセンター,20,50,土日祝,諸富・早津江線,佐賀市営バス
20,7016,2,諸富,20,55,土日祝,諸富・早津江線,佐賀市営バス
20,7016,3,早津江,21,0,土日祝,諸富・早津江線,佐賀市営バス
20,7017,1,佐賀駅バスセンター,21,40,土日祝,諸富・早津江線,佐賀市営バス
20,7017,2,諸富,21,45,土日祝,諸富・早津江線,佐賀市営バス
20,7017,3,早津江,21,50,土日祝,諸富・早津江線,佐賀市営バス
30,8000,1,佐賀駅バスセンター,7,20,土日祝,尼寺・金立線,佐賀市営バス
30,8000,2,尼寺,7,25,土日祝,尼寺・金立線,佐賀市営バス
30,8000,3,金立,7,30,土日祝,尼寺・金立線,佐賀市営バス
30,8000,4,自動車試験場,7,35,土日祝,尼寺・金立線,佐賀市営バス
30,8001,1,佐賀駅バスセンター,7,45,土日祝,尼寺・金立線,佐賀市営バス
30,8001,2,尼寺,7,50,土日祝,尼寺・金立線,佐賀市営バス
30,8001,3,金立,7,55,土日祝,尼寺・金立線,佐賀市営バス
30,8001,4,自動車試験場,8,0,土日祝,尼寺・金立線,佐賀市営バス
30,8002,1,佐賀駅バスセンター,8,10,土日祝,尼寺・金立線,佐賀市営バス
30,8002,2,尼寺,8,15,土日祝,尼寺・金立線,佐賀市営バス
30,8002,3,金立,8,20,土日祝,尼寺・金立線,佐賀市営バス
30,8002,4,自動車試験場,8,25,土日祝,尼寺・金立線,佐賀市営バス
30,8003,1,佐賀駅バスセンター,8,35,土日祝,尼寺・金立線,佐賀市営バス
30,8003,2,尼寺,8,40,土日祝,尼寺・金立線,佐賀市営バス
30,8003,3,金立,8,45,土日祝,尼寺・金立線,佐賀市営バス
30,8003,4,自動車試験場,8,50,土日祝,尼寺・金立線,佐賀市営バス
30,8004,1,佐賀駅バスセンター,9,45,土日祝,尼寺・金立線,佐賀市営バス
30,8004,2,尼寺,9,50,土日祝,尼寺・金立線,佐賀市営バス
30,8004,3,金立,9,55,土日祝,尼寺・金立線,佐賀市営バス
30,8004,4,自動車試験場,10,0,土日祝,尼寺・金立線,佐賀市営バス
30,8005,1,佐賀駅バスセンター,10,45,土日祝,尼寺・金立線,佐賀市営バス
30,8005,2,尼寺,10,50,土日祝,尼寺・金立線,佐賀市営バス
30,8005,3,金立,10,55,土日祝,尼寺・金立線,佐賀市営バス
30,8005,4,自動車試験場,11,0,土日祝,尼寺・金立線,佐賀市営バス
30,8006,1,佐賀駅バスセンター,11,45,土日祝,尼寺・金立線,佐賀市営バス
30,8006,2,尼寺,11,50,土日祝,尼寺・金立線,佐賀市営バス
30,8006,3,金立,11,55,土日祝,尼寺・金立線,佐賀市営バス
30,8006,4,自動車試験場,12,0,土日祝,尼寺・金立線,佐賀市営バス
30,8007,1,佐賀駅バスセンター,12,45,土日祝,尼寺・金立線,佐賀市営バス
30,8007,2,尼寺,12,50,土日祝,尼寺・金立線,佐賀市営バス
30,8007,3,金立,12,55,土日祝,尼寺・金立線,佐賀市営バス
30,8007,4,自動車試験場,13,0,土日祝,尼寺・金立線,佐賀市営バス
30,8008,1,佐賀駅バスセンター,13,45,土日祝,尼寺・金立線,佐賀市営バス
30,8008,2,尼寺,13,50,土日祝,尼寺・金立線,佐賀市営バス
30,8008,3,金立,13,55,土日祝,尼寺・金立線,佐賀市営バス
30,8008,4,自動車試験場,14,0,土日祝,尼寺・金立線,佐賀市営バス
30,8009,1,佐賀駅バスセンター,14,45,土日祝,尼寺・金立線,佐賀市営バス
30,8009,2,尼寺,14,50,土日祝,尼寺・金立線,佐賀市営バス
30,8009,3,金立,14,55,土日祝,尼寺・金立線,佐賀市営バス
30,8009,4,自動車試験場,15,0,土日祝,尼寺・金立線,佐賀市営バス
30,8010,1,佐賀駅バスセンター,15,45,土日祝,尼寺・金立線,佐賀市営バス
30,8010,2,尼寺,15,50,土日祝,尼寺・金立線,佐賀市営バス
30,8010,3,金立,15,55,土日祝,尼寺・金立線,佐賀市営バス
30,8010,4,自動車試験場,16,0,土日祝,尼寺・金立線,佐賀市営バス
30,8011,1,佐賀駅バスセンター,16,45,土日祝,尼寺・金立線,佐賀市営バス
30,8011,2,尼寺,16,50,土日祝,尼寺・金立線,佐賀市営バス
30,8011,3,金立,16,55,土日祝,尼寺・金立線,佐賀市営バス
30,8011,4,自動車試験場,17,0,土日祝,尼寺・金立線,佐賀市営バス
30,8012,1,佐賀駅バスセンター,17,25,土日祝,尼寺・金立線,佐賀市営バス
30,8012,2,尼寺,17,30,土日祝,尼寺・金立線,佐賀市営バス
30,8012,3,金立,17,35,土日祝,尼寺・金立線,佐賀市営バス
30,8012,4,自動車試験場,17,40,土日祝,尼寺・金立線,佐賀市営バス
30,8013,1,佐賀駅バスセンター,17,55,土日祝,尼寺・金立線,佐賀市営バス
30,8013,2,尼寺,18,0,土日祝,尼寺・金立線,佐賀市営バス
30,8013,3,金立,18,5,土日祝,尼寺・金立線,佐賀市営バス
30,8013,4,自動車試験場,18,10,土日祝,尼寺・金立線,佐賀市営バス
30,8014,1,佐賀駅バスセンター,18,55,土日祝,尼寺・金立線,佐賀市営バス
30,8014,2,尼寺,19,0,土日祝,尼寺・金立線,佐賀市営バス
30,8014,3,金立,19,5,土日祝,尼寺・金立線,佐賀市営バス
30,8014,4,自動車試験場,19,10,土日祝,尼寺・金立線,佐賀市営バス
30,8015,1,佐賀駅バスセンター,19,55,土日祝,尼寺・金立線,佐賀市営バス
30,8015,2,尼寺,20,0,土日祝,尼寺・金立線,佐賀市営バス
30,8015,3,金立,20,5,土日祝,尼寺・金立線,佐賀市営バス
30,8015,4,自動車試験場,20,10,土日祝,尼寺・金立線,佐賀市営バス
30,8016,1,佐賀駅バスセンター,20,50,土日祝,尼寺・金立線,佐賀市営バス
30,8016,2,尼寺,20,55,土日祝,尼寺・金立線,佐賀市営バス
30,8016,3,金立,21,0,土日祝,尼寺・金立線,佐賀市営バス
30,8016,4,自動車試験場,21,5,土日祝,尼寺・金立線,佐賀市営バス
30,8017,1,佐賀駅バスセンター,21,50,土日祝,尼寺・金立線,佐賀市営バス
30,8017,2,尼寺,21,55,土日祝,尼寺・金立線,佐賀市営バス
30,8017,3,金立,22,0,土日祝,尼寺・金立線,佐賀市営バス
30,8017,4,自動車試験場,22,5,土日祝,尼寺・金立線,佐賀市営バス
36,8600,1,佐賀駅バスセンター,7,35,土日祝,若楠・佐賀記念病院線,佐賀市営バス
36,8600,2,若楠,7,40,土日祝,若楠・佐賀記念病院線,佐賀市営バス
36,8600,3,佐賀記念病院,7,45,土日祝,若楠・佐賀記念病院線,佐賀市営バス
36,8601,1,佐賀駅バスセンター,8,5,土日祝,若楠・佐賀記念病院線,佐賀市営バス
36,8601,2,若楠,8,10,土日祝,若楠・佐賀記念病院線,佐賀市営バス
36,8601,3,佐賀記念病院,8,15,土日祝,若楠・佐賀記念病院線,佐賀市営バス
36,8602,1,佐賀駅バスセンター,8,55,土日祝,若楠・佐賀記念病院線,佐賀市営バス
36,8602,2,若楠,9,0,土日祝,若楠・佐賀記念病院線,佐賀市営バス
36,8602,3,佐賀記念病院,9,5,土日祝,若楠・佐賀記念病院線,佐賀市営バス
36,8603,1,佐賀駅バスセンター,9,55,土日祝,若楠・佐賀記念病院線,佐賀市営バス
36,8603,2,若楠,10,0,土日祝,若楠・佐賀記念病院線,佐賀市営バス
36,8603,3,佐賀記念病院,10,5,土日祝,若楠・佐賀記念病院線,佐賀市営バス
36,8604,1,佐賀駅バスセンター,10,55,土日祝,若楠・佐賀記念病院線,佐賀市営バス
36,8604,2,若楠,11,0,土日祝,若楠・佐賀記念病院線,佐賀市営バス
36,8604,3,佐賀記念病院,11,5,土日祝,若楠・佐賀記念病院線,佐賀市営バス
36,8605,1,佐賀駅バスセンター,11,55,土日祝,若楠・佐賀記念病院線,佐賀市営バス
36,8605,2,若楠,12,0,土日祝,若楠・佐賀記念病院線,佐賀市営バス
36,8605,3,佐賀記念病院,12,5,土日祝,若楠・佐賀記念病院線,佐賀市営バス
36,8606,1,佐賀駅バスセンター,12,55,土日祝,若楠・佐賀記念病院線,佐賀市営バス
36,8606,2,若楠,13,0,土日祝,若楠・佐賀記念病院線,佐賀市営バス
36,8606,3,佐賀記念病院,13,5,土日祝,若楠・佐賀記念病院線,佐賀市営バス
36,8607,1,佐賀駅バスセンター,13,55,土日祝,若楠・佐賀記念病院線,佐賀市営バス
36,8607,2,若楠,14,0,土日祝,若楠・佐賀記念病院線,佐賀市営バス
36,8607,3,佐賀記念病院,14,5,土日祝,若楠・佐賀記念病院線,佐賀市営バス
36,8608,1,佐賀駅バスセンター,14,55,土日祝,若楠・佐賀記念病院線,佐賀市営バス
36,8608,2,若楠,15,0,土日祝,若楠・佐賀記念病院線,佐賀市営バス
36,8608,3,佐賀記念病院,15,5,土日祝,若楠・佐賀記念病院線,佐賀市営バス
36,8609,1,佐賀駅バスセンター,15,55,土日祝,若楠・佐賀記念病院線,佐賀市営バス
36,8609,2,若楠,16,0,土日祝,若楠・佐賀記念病院線,佐賀市営バス
36,8609,3,佐賀記念病院,16,5,土日祝,若楠・佐賀記念病院線,佐賀市営バス
36,8610,1,佐賀駅バスセンター,16,55,土日祝,若楠・佐賀記念病院線,佐賀市営バス
36,8610,2,若楠,17,0,土日祝,若楠・佐賀記念病院線,佐賀市営バス
36,8610,3,佐賀記念病院,17,5,土日祝,若楠・佐賀記念病院線,佐賀市営バス
36,8611,1,佐賀駅バスセンター,17,35,土日祝,若楠・佐賀記念病院線,佐賀市営バス
36,8611,2,若楠,17,40,土日祝,若楠・佐賀記念病院線,佐賀市営バス
36,8611,3,佐賀記念病院,17,45,土日祝,若楠・佐賀記念病院線,佐賀市営バス
36,8612,1,佐賀駅バスセンター,18,35,土日祝,若楠・佐賀記念病院線,佐賀市営バス
36,8612,2,若楠,18,40,土日祝,若楠・佐賀記念病院線,佐賀市営バス
36,8612,3,佐賀記念病院,18,45,土日祝,若楠・佐賀記念病院線,佐賀市営バス
36,8613,1,佐賀駅バスセンター,19,30,土日祝,若楠・佐賀記念病院線,佐賀市営バス
36,8613,2,若楠,19,35,土日祝,若楠・佐賀記念病院線,佐賀市営バス
36,8613,3,佐賀記念病院,19,40,土日祝,若楠・佐賀記念病院線,佐賀市営バス
36,8614,1,佐賀駅バスセンター,20,20,土日祝,若楠・佐賀記念病院線,佐賀市営バス
36,8614,2,若楠,20,25,土日祝,若楠・佐賀記念病院線,佐賀市営バス
36,8614,3,佐賀記念病院,20,30,土日祝,若楠・佐賀記念病院線,佐賀市営バス
36,8615,1,佐賀駅バスセンター,21,20,土日祝,若楠・佐賀記念病院線,佐賀市営バス
36,8615,2,若楠,21,25,土日祝,若楠・佐賀記念病院線,佐賀市営バス
36,8615,3,佐賀記念病院,21,30,土日祝,若楠・佐賀記念病院線,佐賀市営バス
50,10000,1,佐賀駅バスセンター,6,40,土日祝,神野公園・佐賀大学病院線,佐賀市営バス
50,10000,2,神野公園,6,45,土日祝,神野公園・佐賀大学病院線,佐賀市営バス
50,10000,3,佐賀大学病院,6,50,土日祝,神野公園・佐賀大学病院線,佐賀市営バス
50,10001,1,佐賀駅バスセンター,7,15,土日祝,神野公園・佐賀大学病院線,佐賀市営バス
50,10001,2,神野公園,7,20,土日祝,神野公園・佐賀大学病院線,佐賀市営バス
50,10001,3,佐賀大学病院,7,25,土日祝,神野公園・佐賀大学病院線,佐賀市営バス
50,10002,1,佐賀駅バスセンター,7,55,土日祝,神野公園・佐賀大学病院線,佐賀市営バス
50,10002,2,神野公園,8,0,土日祝,神野公園・佐賀大学病院線,佐賀市営バス
50,10002,3,佐賀大学病院,8,5,土日祝,神野公園・佐賀大学病院線,佐賀市営バス
50,10003,1,佐賀駅バスセンター,8,19,土日祝,神野公園・佐賀大学病院線,佐賀市営バス
50,10003,2,神野公園,8,24,土日祝,神野公園・佐賀大学病院線,佐賀市営バス
50,10003,3,佐賀大学病院,8,29,土日祝,神野公園・佐賀大学病院線,佐賀市営バス
50,10004,1,佐賀駅バスセンター,8,45,土日祝,神野公園・佐賀大学病院線,佐賀市営バス
50,10004,2,神野公園,8,50,土日祝,神野公園・佐賀大学病院線,佐賀市営バス
50,10004,3,佐賀大学病院,8,55,土日祝,神野公園・佐賀大学病院線,佐賀市営バス
50,10005,1,佐賀駅バスセンター,9,5,土日祝,神野公園・佐賀大学病院線,佐賀市営バス
50,10005,2,神野公園,9,10,土日祝,神野公園・佐賀大学病院線,佐賀市営バス
50,10005,3,佐賀大学病院,9,15,土日祝,神野公園・佐賀大学病院線,佐賀市営バス
50,10006,1,佐賀駅バスセンター,10,5,土日祝,神野公園・佐賀大学病院線,佐賀市営バス
50,10006,2,神野公園,10,10,土日祝,神野公園・佐賀大学病院線,佐賀市営バス
50,10006,3,佐賀大学病院,10,15,土日祝,神野公園・佐賀大学病院線,佐賀市営バス
50,10007,1,佐賀駅バスセンター,11,5,土日祝,神野公園・佐賀大学病院線,佐賀市営バス
50,10007,2,神野公園,11,10,土日祝,神野公園・佐賀大学病院線,佐賀市営バス
50,10007,3,佐賀大学病院,11,15,土日祝,神野公園・佐賀大学病院線,佐賀市営バス
50,10008,1,佐賀駅バスセンター,12,5,土日祝,神野公園・佐賀大学病院線,佐賀市営バス
50,10008,2,神野公園,12,10,土日祝,神野公園・佐賀大学病院線,佐賀市営バス
50,10008,3,佐賀大学病院,12,15,土日祝,神野公園・佐賀大学病院線,佐賀市営バス
50,10009,1,佐賀駅バスセンター,13,5,土日祝,神野公園・佐賀大学病院線,佐賀市営バス
50,10009,2,神野公園,13,10,土日祝,神野公園・佐賀大学病院線,佐賀市営バス
50,10009,3,佐賀大学病院,13,15,土日祝,神野公園・佐賀大学病院線,佐賀市営バス
50,10010,1,佐賀駅バスセンター,14,5,土日祝,神野公園・佐賀大学病院線,佐賀市営バス
50,10010,2,神野公園,14,10,土日祝,神野公園・佐賀大学病院線,佐賀市営バス
50,10010,3,佐賀大学病院,14,15,土日祝,神野公園・佐賀大学病院線,佐賀市営バス
50,10011,1,佐賀駅バスセンター,15,5,土日祝,神野公園・佐賀大学病院線,佐賀市営バス
50,10011,2,神野公園,15,10,土日祝,神野公園・佐賀大学病院線,佐賀市営バス
50,10011,3,佐賀大学病院,15,15,土日祝,神野公園・佐賀大学病院線,佐賀市営バス
50,10012,1,佐賀駅バスセンター,16,5,土日祝,神野公園・佐賀大学病院線,佐賀市営バス
50,10012,2,神野公園,16,10,土日祝,神野公園・佐賀大学病院線,佐賀市営バス
50,10012,3,佐賀大学病院,16,15,土日祝,神野公園・佐賀大学病院線,佐賀市営バス
50,10013,1,佐賀駅バスセンター,17,5,土日祝,神野公園・佐賀大学病院線,佐賀市営バス
50,10013,2,神野公園,17,10,土日祝,神野公園・佐賀大学病院線,佐賀市営バス
50,10013,3,佐賀大学病院,17,15,土日祝,神野公園・佐賀大学病院線,佐賀市営バス
50,10014,1,佐賀駅バスセンター,17,45,土日祝,神野公園・佐賀大学病院線,佐賀市営バス
50,10014,2,神野公園,17,50,土日祝,神野公園・佐賀大学病院線,佐賀市営バス
50,10014,3,佐賀大学病院,17,55,土日祝,神野公園・佐賀大学病院線,佐賀市営バス
50,10015,1,佐賀駅バスセンター,18,45,土日祝,神野公園・佐賀大学病院線,佐賀市営バス
50,10015,2,神野公園,18,50,土日祝,神野公園・佐賀大学病院線,佐賀市営バス
50,10015,3,佐賀大学病院,18,55,土日祝,神野公園・佐賀大学病院線,佐賀市営バス
50,10016,1,佐賀駅バスセンター,19,45,土日祝,神野公園・佐賀大学病院線,佐賀市営バス
50,10016,2,神野公園,19,50,土日祝,神野公園・佐賀大学病院線,佐賀市営バス
50,10016,3,佐賀大学病院,19,55,土日祝,神野公園・佐賀大学病院線,佐賀市営バス
50,10017,1,佐賀駅バスセンター,20,45,土日祝,神野公園・佐賀大学病院線,佐賀市営バス
50,10017,2,神野公園,20,50,土日祝,神野公園・佐賀大学病院線,佐賀市営バス
50,10017,3,佐賀大学病院,20,55,土日祝,神野公園・佐賀大学病院線,佐賀市営バス
50,10018,1,佐賀駅バスセンター,21,45,土日祝,神野公園・佐賀大学病院線,佐賀市営バス
50,10018,2,神野公園,21,50,土日祝,神野公園・佐賀大学病院線,佐賀市営バス
50,10018,3,佐賀大学病院,21,55,土日祝,神野公園・佐賀大学病院線,佐賀市営バス
7,5700,1,佐賀駅バスセンター,5,35,土日祝,佐賀空港線,佐賀市営バス
7,5700,2,市役所前,5,40,土日祝,佐賀空港線,佐賀市営バス
7,5700,3,川副,5,45,土日祝,佐賀空港線,佐賀市営バス
7,5700,4,佐賀空港,5,50,土日祝,佐賀空港線,佐賀市営バス
7,5701,1,佐賀駅バスセンター,8,25,土日祝,佐賀空港線,佐賀市営バス
7,5701,2,市役所前,8,30,土日祝,佐賀空港線,佐賀市営バス
7,5701,3,川副,8,35,土日祝,佐賀空港線,佐賀市営バス
7,5701,4,佐賀空港,8,40,土日祝,佐賀空港線,佐賀市営バス
7,5702,1,佐賀駅バスセンター,10,30,土日祝,佐賀空港線,佐賀市営バス
7,5702,2,市役所前,10,35,土日祝,佐賀空港線,佐賀市営バス
7,5702,3,川副,10,40,土日祝,佐賀空港線,佐賀市営バス
7,5702,4,佐賀空港,10,45,土日祝,佐賀空港線,佐賀市営バス
7,5703,1,佐賀駅バスセンター,14,30,土日祝,佐賀空港線,佐賀市営バス
7,5703,2,市役所前,14,35,土日祝,佐賀空港線,佐賀市営バス
7,5703,3,川副,14,40,土日祝,佐賀空港線,佐賀市営バス
7,5703,4,佐賀空港,14,45,土日祝,佐賀空港線,佐賀市営バス
7,5704,1,佐賀駅バスセンター,17,30,土日祝,佐賀空港線,佐賀市営バス
7,5704,2,市役所前,17,35,土日祝,佐賀空港線,佐賀市営バス
7,5704,3,川副,17,40,土日祝,佐賀空港線,佐賀市営バス
7,5704,4,佐賀空港,17,45,土日祝,佐賀空港線,佐賀市営バス
